imdb,titulo,anio,decada,resultado,aprueba,hay_desacuerdo,presupuesto_2013,recaudacion_nacional_2013,recaudacion_internacional_2013,roi
tt1711425,21 & Over,2013,2010,notalk,False,False,13000000,25682380,42195766,3.245828153846154
tt1343727,Dredd 3D,2012,2010,ok,True,True,45658735,13611086,41467257,0.9081998658088096
tt2024544,12 Years a Slave,2013,2010,notalk,False,True,20000000,53107035,158607035,7.93035175
tt1272878,2 Guns,2013,2010,notalk,False,False,61000000,75612460,132493015,2.172016639344262
tt0453562,42,2013,2010,men,False,False,40000000,95020213,95020213,2.375505325
tt1335975,47 Ronin,2013,2010,men,False,False,225000000,38362475,145803842,0.6480170755555555
tt1606378,A Good Day to Die Hard,2013,2010,notalk,False,False,92000000,67349198,304249198,3.3070565
tt2194499,About Time,2013,2010,ok,True,True,12000000,15323921,87324746,7.277062166666667
tt1814621,Admission,2013,2010,ok,True,False,13000000,18007317,18007317,1.3851782307692309
tt1815862,After Earth,2013,2010,notalk,False,False,130000000,60522097,244373198,1.8797938307692308
tt1800241,American Hustle,2013,2010,ok,True,True,40000000,148430908,249484909,6.237122725
tt1322269,August: Osage County,2013,2010,ok,True,False,25000000,37304874,50304874,2.01219496
tt1559547,Beautiful Creatures,2013,2010,ok,True,False,50000000,19452138,55940671,1.11881342
tt2334873,Blue Jasmine,2013,2010,ok,True,True,18000000,33345833,68447831,3.8026572777777776
tt1535109,Captain Phillips,2013,2010,notalk,False,False,55000000,107136417,218743570,3.977155818181818
tt1939659,Carrie,2013,2010,ok,True,False,30000000,35266619,85001659,2.833388633333333
tt1985966,Cloudy with a Chance of Meatballs 2,2013,2010,nowomen,False,True,78000000,119640264,271725448,3.48365958974359
tt1690953,Despicable Me 2,2013,2010,ok,True,False,76000000,368065385,970766005,12.773236907894736
tt2229499,Don Jon,2013,2010,dubious,False,True,5500000,24477704,26377704,4.795946181818182
tt1535108,Elysium,2013,2010,ok,True,True,120000000,93050117,286192091,2.3849340916666666
tt1731141,Ender's Game,2013,2010,men,False,False,110000000,61737191,89737191,0.8157926454545454
tt0848537,Epic,2013,2010,ok,True,True,100000000,107518682,268418682,2.68418682
tt0765446,Escape from Planet Earth,2013,2010,ok,True,False,40000000,57012977,66454811,1.661370275
tt1211956,Escape Plan,2013,2010,men,False,False,70000000,25213103,103813103,1.4830443285714285
tt1288558,Evil Dead,2013,2010,ok,True,True,17000000,54239856,97402049,5.729532294117647
tt1905041,Fast and Furious 6,2013,2010,ok,True,True,160000000,238679850,788128122,4.9258007625
tt2294629,Frozen,2013,2010,ok,True,False,150000000,393050114,1004550114,6.69700076
tt1583421,G.I. Joe: Retaliation,2013,2010,ok,True,True,140000000,122523060,371923060,2.6565932857142855
tt1321870,Gangster Squad,2013,2010,notalk,False,False,60000000,46000903,104100903,1.73501505
tt2425486,Gloria,2013,2010,ok,True,False,30000000,4167493,4967493,0.1655831
tt1454468,Gravity,2013,2010,nowomen,False,True,110000000,271814796,708714796,6.4428617818181815
tt2191701,Grown Ups 2,2013,2010,men,False,True,80000000,133668525,247023808,3.0877976
tt1428538,Hansel & Gretel: Witch Hunters,2013,2010,ok,True,False,50000000,55703475,225703475,4.5140695
tt1798709,Her,2013,2010,men,False,True,23000000,25000178,33029713,1.4360744782608696
tt2024432,Identity Thief,2013,2010,men,False,True,35000000,134506920,176269721,5.036277742857143
tt2226417,Insidious: Chapter 2,2013,2010,men,False,False,5000000,83586447,161911222,32.3822444
tt1300854,Iron Man 3,2013,2010,dubious,False,True,200000000,408992272,1212692272,6.06346136
tt1351685,Jack the Giant Slayer,2013,2010,nowomen,False,True,195000000,65187603,197387603,1.012244117948718
tt1650554,Kick-Ass 2,2013,2010,ok,True,False,28000000,28795985,60839197,2.1728284642857143
tt1204975,Last Vegas,2013,2010,notalk,False,False,28000000,63914167,112914167,4.032648821428571
tt1327773,Lee Daniels' The Butler,2013,2010,ok,True,False,30000000,116632095,151513429,5.0504476333333335
tt2002718,Machete Kills,2013,2010,ok,True,False,2000000,8008161,9408161,4.7040805
tt2023587,Mama,2013,2010,ok,True,False,15000000,71628180,148041253,9.869416866666667
tt0770828,Man of Steel,2013,2010,ok,True,True,225000000,291045518,687999518,3.0577756355555556
tt1821549,Nebraska,2013,2010,ok,True,True,12000000,17482517,17482517,1.4568764166666666
tt1670345,Now You See Me,2013,2010,notalk,False,True,75000000,117723989,351723989,4.689653186666667
tt1483013,Oblivion,2013,2010,men,False,True,120000000,89107235,287537983,2.396149858333333
tt2302755,Olympus Has Fallen,2013,2010,notalk,False,False,70000000,98927592,150562164,2.1508880571428572
tt1623205,Oz the Great and Powerful,2013,2010,ok,True,True,200000000,234770996,489570996,2.44785498
tt1663662,Pacific Rim,2013,2010,notalk,False,True,190000000,101802906,411002906,2.1631731894736843
tt1980209,Pain & Gain,2013,2010,notalk,False,False,26000000,49875291,81275291,3.125972730769231
tt1904996,Parker,2013,2010,ok,True,False,35000000,17616641,46346651,1.3241900285714285
tt1699755,Peeples,2013,2010,dubious,False,False,15000000,9177065,9177065,0.6118043333333333
tt1854564,Percy Jackson: Sea of Monsters,2013,2010,ok,True,False,90000000,68559554,200859554,2.231772822222222
tt1392214,Prisoners,2013,2010,ok,True,False,46000000,61002302,113402302,2.465267434782609
tt0790736,R.I.P.D.,2013,2010,notalk,False,False,130000000,33618855,79019947,0.6078457461538461
tt1821694,Red 2,2013,2010,ok,True,False,84000000,53262560,137162560,1.6328876190476191
tt1411250,Riddick,2013,2010,notalk,False,True,38000000,42025135,92425135,2.432240394736842
tt2364841,Runner Runner,2013,2010,nowomen,False,False,30000000,19316646,62616646,2.0872215333333335
tt1979320,Rush,2013,2010,notalk,False,False,38000000,26947624,43047624,1.1328322105263158
tt1702439,Safe Haven,2013,2010,ok,True,False,28000000,71399120,93943623,3.355129392857143
tt2140373,Saving Mr. Banks,2013,2010,ok,True,False,35000000,82834332,100734332,2.8781237714285712
tt2053463,Side Effects,2013,2010,ok,True,False,30000000,32172757,60288363,2.0096121
tt1408101,Star Trek Into Darkness,2013,2010,notalk,False,True,190000000,228778661,466978661,2.4577824263157897
tt1572315,Texas Chainsaw 3D,2013,2010,ok,True,True,20000000,34341945,39093317,1.95466585
tt1931435,The Big Wedding,2013,2010,ok,True,False,32500000,21819348,35770721,1.1006375692307693
tt0816442,The Book Thief,2013,2010,ok,True,False,19000000,21345525,62045525,3.265553947368421
tt1911644,The Call,2013,2010,ok,True,False,13000000,51872378,58938768,4.5337513846153845
tt1457767,The Conjuring,2013,2010,ok,True,False,20000000,137400141,318000141,15.90000705
tt2193215,The Counselor,2013,2010,ok,True,False,25000000,16973715,70373715,2.8149486
tt0481499,The Croods,2013,2010,men,False,True,135000000,187168425,573068425,4.244951296296296
tt2404311,The Family,2013,2010,men,False,False,30000000,36918811,51078541,1.7026180333333334
tt1837703,The Fifth Estate,2013,2010,notalk,False,False,26000000,3254172,6154172,0.23669892307692308
tt2005374,The Frozen Ground,2013,2010,nowomen,False,True,19200000,,,
tt1343092,The Great Gatsby,2013,2010,dubious,False,False,190000000,144840419,351040419,1.8475811526315788
tt1951261,The Hangover part 3,2013,2010,men,False,False,103000000,112200072,362000072,3.514563805825243
tt2404463,The Heat,2013,2010,ok,True,False,43000000,159581587,230781587,5.36701365116279
tt1170358,The Hobbit: The Desolation of Smaug,2013,2010,notalk,False,True,250000000,257397516,937397516,3.749590064
tt1517260,The Host,2013,2010,dubious,False,True,50000000,26623701,58188384,1.16376768
tt1951264,The Hunger Games: Catching Fire,2013,2010,ok,True,False,130000000,424088260,857088260,6.592986615384615
tt0790628,The Incredible Burt Wonderstone,2013,2010,notalk,False,False,32000000,22537881,24255957,0.75799865625
tt2234155,The Internship,2013,2010,notalk,False,False,58000000,44672764,93672764,1.6150476551724138
tt2034139,The Last Exorcism Part II,2013,2010,ok,True,False,4000000,15179303,18541236,4.635309
tt1210819,The Lone Ranger,2013,2010,notalk,False,False,275000000,89289910,259989910,0.9454178545454546
tt1538403,The Mortal Instruments: City of Bones,2013,2010,ok,True,True,60000000,31165421,75965567,1.2660927833333333
tt2184339,The Purge,2013,2010,dubious,False,False,3000000,64473115,91100541,30.366847
tt2017020,The Smurfs 2,2013,2010,ok,True,False,110000000,71017784,348545841,3.1685985545454547
tt1758795,The To Do List,2013,2010,ok,True,False,1500000,3491669,3491669,2.3277793333333334
tt1727388,The Way Way Back,2013,2010,ok,True,True,5000000,21502690,26161443,5.2322886
tt0993846,The Wolf of Wall Street,2013,2010,notalk,False,True,100000000,115702857,365702857,3.65702857
tt1430132,The Wolverine,2013,2010,ok,True,False,115000000,132556852,416456852,3.6213639304347827
tt1213663,The World's End,2013,2010,men,False,True,20000000,26004851,46578821,2.32894105
tt1245492,This Is the End,2013,2010,notalk,False,False,32000000,101470202,126294264,3.94669575
tt1981115,Thor: The Dark World,2013,2010,dubious,False,True,170000000,204674790,631674790,3.7157340588235295
tt1924429,Trance,2013,2010,nowomen,False,False,16000000,2322593,22594052,1.41212825
tt1860353,Turbo,2013,2010,dubious,False,True,135000000,83028130,283828130,2.102430592592593
tt1588173,Warm Bodies,2013,2010,men,False,True,30000000,66380662,116643610,3.888120333333333
tt1723121,We're the Millers,2013,2010,ok,True,False,37000000,150394119,270000119,7.297300513513513
tt2334879,White House Down,2013,2010,men,False,False,150000000,73103784,205440387,1.36960258
tt0816711,World War Z,2013,2010,dubious,False,True,190000000,202359711,539559711,2.839787952631579
tt1611224,Abraham Lincoln: Vampire Hunter,2012,2010,dubious,False,True,68488103,38068365,116804318,1.705468729364573
tt1591479,Act of Valor,2012,2010,nowomen,False,False,12175663,71037735,83704673,6.8747527752698145
tt1602620,Amour,2012,2010,dubious,False,True,9841994,6837603,26295088,2.6717236364907353
tt1781769,Anna Karenina,2012,2010,men,False,True,49717290,13003980,71771007,1.4435824438540394
tt1024648,Argo,2012,2010,ok,True,True,45151416,138016721,224540219,4.97304932806537
tt1440129,Battleship,2012,2010,notalk,False,True,212059460,66190353,308594933,1.4552283260553431
tt2125435,Beasts of the Southern Wild,2012,2010,dubious,False,True,1826349,12983057,21388640,11.71114611719885
tt1758575,Blue Like Jazz,2012,2010,ok,True,False,1217566,603728,603728,0.4958482743440602
tt1217209,Brave,2012,2010,ok,True,False,187708135,240755653,562725176,2.9978731395951486
tt1308729,Bullet to the Head,2012,2010,nowomen,False,False,55805121,9628746,13760036,0.24657299820208256
tt1991245,Chernobyl Diaries,2012,2010,notalk,False,False,1014639,18384886,38951995,38.39000373531867
tt1706593,Chronicle,2012,2010,notalk,False,False,12175663,65520463,128935373,10.589597708149446
tt1371111,Cloud Atlas,2012,2010,ok,True,False,103493134,27505098,127863295,1.235476113806738
tt1524137,Contraband,2012,2010,ok,True,False,25365964,67501874,99847390,3.936274213745632
tt1853728,Django Unchained,2012,2010,notalk,False,True,101463857,165188672,431600549,4.253736865138095
tt1907668,Flight,2012,2010,dubious,False,True,31453796,95145068,164140491,5.218463647440201
tt1142977,Frankenweenie,2012,2010,nowomen,False,True,39570904,35804351,82338719,2.0807894355913628
tt2243973,Hannibal,2012,2010,ok,True,False,88273555,167508980,355225246,4.024141159829804
tt0837562,Hotel Transylvania,2012,2010,ok,True,False,86244278,150484138,364480509,4.22614134470463
tt0790724,Jack Reacher,2012,2010,notalk,False,False,60878314,81242857,220552732,3.622845599830508
tt2106476,Jagten,2012,2010,men,False,False,3500503,697244,697244,0.19918394585006782
tt0401729,John Carter,2012,2010,ok,True,True,279025606,74128153,286917566,1.0282839991394912
tt1764234,Killing Them Softly,2012,2010,nowomen,False,False,15219578,15164322,37783896,2.482584996771921
tt1707386,Les Miserables,2012,2010,ok,True,True,65951507,150988132,448493475,6.800352189071282
tt0454876,Life of Pi,2012,2010,notalk,False,True,121756628,126816653,616887080,5.066558512116482
tt0443272,Lincoln,2012,2010,ok,True,True,65951507,184875236,276997302,4.200014747199029
tt1277953,Madagascar 3: Europe's Most Wanted,2012,2010,men,False,True,147122592,219559143,757855127,5.1511811795703
tt1409024,Men in Black III,2012,2010,notalk,False,False,218147292,181641463,633967639,2.9061448949822397
tt1667353,Mirror Mirror,2012,2010,dubious,False,False,86244278,65885725,171080229,1.9836704876815132
tt1748122,Moonrise Kingdom,2012,2010,ok,True,False,16234217,46178703,64949517,4.000779156764998
tt2094064,Much Ado About Nothing,2012,2010,dubious,False,True,8117109,22879428,22879428,2.8186670894773003
tt1598828,One for the Money,2012,2010,ok,True,False,42614820,26801198,36727096,0.8618385810382397
tt2109184,Paranormal Activity 4,2012,2010,ok,True,False,5073193,54689359,144884139,28.558767427141053
tt1623288,ParaNorman,2012,2010,notalk,False,True,60878314,56822855,109742304,1.8026501850888972
tt1047540,Parental Guidance,2012,2010,ok,True,False,25365964,78398378,121927729,4.806745330080891
tt1716777,People Like Us,2012,2010,ok,True,False,16234217,12613776,12613776,0.7769870268458282
tt1981677,Pitch Perfect,2012,2010,ok,True,False,17248856,65952616,117019460,6.784186730992478
tt1547234,Premium Rush,2012,2010,ok,True,False,35512350,20572249,31852752,0.8969485826761676
tt1234719,Red Dawn,2012,2010,notalk,False,True,65951507,45462690,48869204,0.7409869193739576
tt0485985,Red Tails,2012,2010,men,False,False,58849037,50606496,51102777,0.8683706582998121
tt1446192,Rise of the Guardians,2012,2010,notalk,False,True,147122592,104926572,311393491,2.116557945091125
tt1336608,Rock of Ages,2012,2010,ok,True,False,71024700,39082470,50852278,0.715980187174321
tt1656190,Safe,2012,2010,notalk,False,True,33483073,17393015,42102643,1.2574306725072695
tt1862079,Safety Not Guaranteed,2012,2010,ok,True,True,760979,4069672,4477791,5.884250419525374
tt1931533,Seven Psychopaths,2012,2010,notalk,False,True,13697621,15243980,23836212,1.740171669226357
tt0938330,Silent Hill: Revelation 3D,2012,2010,ok,True,False,20292771,17786836,48646439,2.397229979089598
tt1045658,Silver Linings Playbook,2012,2010,ok,True,False,21307410,134026609,230644998,10.824637907657477
tt1922777,Sinister,2012,2010,men,False,False,3043916,48790826,89012016,29.242599335855523
tt1074638,Skyfall,2012,2010,dubious,False,True,202927713,308815675,1124923772,5.543470408105373
tt1735898,Snow White and the Huntsman,2012,2010,ok,True,False,172488556,157407735,406779965,2.358301179122863
tt1876451,Sparkle,2012,2010,ok,True,False,10146386,24754613,25021315,2.4660322404450215
tt2101441,Spring Breakers,2012,2010,ok,True,False,5073193,14331045,31118489,6.133906003576052
tt1800741,Step Up Revolution,2012,2010,ok,True,False,33483073,35588120,167975738,5.016736008669216
tt1874789,Supporting Characters,2012,2010,men,False,False,60878,4989,4989,0.08195078681954072
tt1637725,Ted,2012,2010,men,False,True,50731928,221866693,557487654,10.988891531975682
tt1232200,That's My Boy,2012,2010,notalk,False,False,68488103,37471707,58908258,0.8601239546669879
tt0948470,The Amazing Spider-Man,2012,2010,men,False,True,223220484,265866416,768984693,3.444955764005959
tt0848228,The Avengers,2012,2010,notalk,False,False,60878314,23727745,49296637,0.8097569357784777
tt1345836,The Dark Knight Rises,2012,2010,notalk,False,True,279025606,454699213,1095143990,3.9248870585733986
tt1560985,The Devil Inside,2012,2010,ok,True,True,1014639,54041622,103248087,101.75844512186107
tt1645170,The Dictator,2012,2010,notalk,False,False,65951507,60523416,182005391,2.7596850971123374
tt1764651,The Expendables 2,2012,2010,ok,True,True,101463857,86272883,316546185,3.1197925483948437
tt1601913,The Grey,2012,2010,nowomen,False,True,25365964,52335195,85574308,3.3735878518159215
tt0903624,The Hobbit: An Unexpected Journey,2012,2010,nowomen,False,True,253659641,307439106,1029557373,4.05881427940679
tt1392170,The Hunger Games,2012,2010,ok,True,True,81171085,413983383,694530947,8.556383680223075
tt1649419,The Impossible,2012,2010,men,False,False,40585543,19298306,172073169,4.239765105520456
tt1258972,The Man with the Iron Fists,2012,2010,notalk,False,False,15219578,15862951,22306925,1.4656730298303935
tt1560747,The Master,2012,2010,notalk,False,True,38048946,16484994,25484413,0.6697797358171236
tt1430626,The Pirates! Band of Misfits,2012,2010,notalk,False,False,55805121,31505670,124857587,2.2373858305942926
tt1817273,The Place Beyond the Pines,2012,2010,notalk,False,True,15219578,21716836,47699629,3.134096687831949
tt1673434,The Twilight Saga: Breaking Dawn - Part 2,2012,2010,dubious,False,True,138193773,296603952,844848985,6.113509796132421
tt1606389,The Vow,2012,2010,ok,True,False,8866236,126844056,200511006,22.615121681850113
tt1298649,The Watch,2012,2010,men,False,False,55805121,34855879,68338951,1.224599996835416
tt1596365,The Woman in Black,2012,2010,notalk,False,False,15219578,55128651,130843627,8.597060115595847
tt1840417,The Words,2012,2010,notalk,False,False,6087831,11663106,12310182,2.022096539802107
tt1621045,Think Like a Man,2012,2010,ok,True,False,12175663,92887325,97562697,8.012926852525403
tt1859650,To Rome With Love,2012,2010,men,False,True,21814729,16928587,75452356,3.458780349735264
tt1386703,Total Recall,2012,2010,notalk,False,True,126829821,59739858,201523449,1.5889279619814334
tt1496025,Underworld: Awakening,2012,2010,ok,True,False,71024700,63233330,162727662,2.291141842204191
tt1655460,Wanderlust,2012,2010,ok,True,False,32975753,17541229,24513601,0.7433825999363836
tt1586265,What to Expect When You're Expecting,2012,2010,ok,True,False,38048946,41754612,81832836,2.150725436652043
tt1870529,Won't Back Down,2012,2010,ok,True,False,19278133,5388293,5510995,0.2858676719369038
tt1646987,Wrath of the Titans,2012,2010,notalk,False,True,152195785,84894893,306390492,2.0131338854095073
tt1772341,Wreck-It Ralph,2012,2010,ok,True,True,167415363,192185407,480342759,2.8691677417920123
tt1790885,Zero Dark Thirty,2012,2010,ok,True,True,53268525,97121930,139736750,2.6232517232268022
tt1622547,30 Minutes or Less,2011,2010,notalk,False,False,28999342,38376408,42428850,1.4630969902696414
tt1306980,50/50,2011,2010,men,False,True,8285526,36265871,42810004,5.166842032720675
tt1571222,A Dangerous Method,2011,2010,dubious,False,False,20713816,5905595,15336023,0.7403765197103228
tt1422136,A Lonely Place to Die,2011,2010,ok,True,False,4142763,,458345,0.11063751414213172
tt1268799,A Very Harold & Kumar 3D Christmas,2011,2010,notalk,False,False,20713816,36312387,37560098,1.8132872281959056
tt1549572,Another Earth,2011,2010,ok,True,False,181246,1368348,1844766,10.178243933659225
tt1772240,Apollo 18,2011,2010,nowomen,False,False,5178454,18318189,27464261,5.303563766328715
tt1430607,Arthur Christmas,2011,2010,notalk,False,False,88033717,48120751,152893489,1.736760575496318
tt1478964,Attack the Block,2011,2010,ok,True,True,13463980,1060729,5599381,0.4158785886491216
tt1284575,Bad Teacher,2011,2010,ok,True,True,19678125,103872387,224136189,11.390119180562172
tt1217613,Battle: Los Angeles,2011,2010,notalk,False,True,72498355,86534481,219571833,3.02864572582371
tt1152398,Beastly,2011,2010,notalk,False,False,17606743,28860115,39385487,2.236954728083439
tt1629705,Blackthorn,2011,2010,notalk,False,False,4660609,207716,1294370,0.2777255075463314
tt1478338,Bridesmaids,2011,2010,ok,True,True,33659951,175142277,299587165,8.900404073672002
tt0458339,Captain America: The First Avenger,2011,2010,notalk,False,True,144996710,182959443,383795703,2.646926975101711
tt1216475,Cars 2,2011,2010,men,False,False,207138157,198283907,580147769,2.8007769181802655
tt1684628,Circumstance,2011,2010,ok,True,False,932122,470329,470329,0.5045787997708454
tt1657507,Colombiana,2011,2010,notalk,False,False,41427631,37974487,74257040,1.792451999005205
tt0816462,Conan the Barbarian,2011,2010,dubious,False,True,20713816,39629760,81937729,3.955704202451156
tt1598778,Contagion,2011,2010,ok,True,True,62141447,78358394,142460919,2.2925265805284516
tt1372686,Coriolanus,2011,2010,men,False,False,10356908,776396,1087104,0.10496414566973078
tt0409847,Cowboys & Aliens,2011,2010,notalk,False,False,168817598,103818215,182188693,1.079204390764996
tt1701990,Detention,2011,2010,ok,True,False,10356908,,,
tt1650043,Diary of a Wimpy Kid: Rodrick Rules,2011,2010,notalk,False,False,18642434,54579387,76325433,4.0941774555833215
tt1564349,Dolphin Tale,2011,2010,men,False,False,38320559,74866751,99497492,2.5964519985212116
tt1462041,Dream House,2011,2010,ok,True,False,51784539,22062637,41357557,0.7986468123236551
tt0780504,Drive,2011,2010,dubious,False,True,15535362,36312033,80840663,5.20365492609699
tt1596343,Fast Five,2011,2010,ok,True,True,129461348,217326947,652320815,5.038730285737485
tt1622979,Final Destination 5,2011,2010,men,False,False,41427631,44107629,163522777,3.9471911150314147
tt1068242,Footloose,2011,2010,ok,True,False,24856579,53651623,65676025,2.6421988721778646
tt1438176,Fright Night,2011,2010,dubious,False,False,31070724,18951742,41966863,1.350688287791427
tt1133985,Green Lantern,2011,2010,notalk,False,True,207138157,120762760,239452924,1.1560058632751087
tt0480687,Hall Pass,2011,2010,men,False,False,37284868,46668987,86680344,2.3248129509269013
tt0993842,Hanna,2011,2010,ok,True,False,31070724,41695999,67675862,2.17812311035945
tt1201607,Harry Potter and the Deathly Hallows: Part 2,2011,2010,notalk,False,True,129461348,394609809,1375512553,10.62488977791271
tt1506999,Haywire,2011,2010,nowomen,False,True,23820888,19618465,22967676,0.964182191696632
tt1403177,Hesher,2011,2010,notalk,False,False,7249836,396614,396614,0.05470661681174581
tt1562568,Higher Ground,2011,2010,ok,True,False,1864243,871074,889847,0.47732350342739654
tt1640459,Hobo with a Shotgun,2011,2010,nowomen,False,False,3107072,728476,864753,0.27831765726703467
tt1411704,Hop,2011,2010,men,False,False,65248520,111942955,191524428,2.9353068544696495
tt1499658,Horrible Bosses,2011,2010,ok,True,False,36249178,121733603,222195609,6.129673036999625
tt0970179,Hugo,2011,2010,dubious,False,False,186424342,76500789,191637196,1.0279623033348295
tt1464540,I Am Number Four,2011,2010,notalk,False,False,51784539,57067015,151193038,2.9196559614057778
tt1253864,Immortals,2011,2010,men,False,False,77676809,86484341,219113265,2.820832470087694
tt1637688,In Time,2011,2010,notalk,False,False,36249178,38894261,176134406,4.858990347312152
tt1606618,Iris,2011,2010,ok,True,False,5696299,5779651,15695916,2.7554585881113334
tt1410063,Jin ling shi san chai,2011,2010,ok,True,False,103569079,322549,97066426,0.9372143398127544
tt1634122,Johnny English Reborn,2011,2010,dubious,False,False,46606085,8602417,170412210,3.656436922346084
tt1640484,Jumping the Broom,2011,2010,ok,True,False,7249836,38626496,39520511,5.451228276060314
tt1564367,Just Go with It,2011,2010,dubious,False,False,82855263,106705263,222647578,2.687186908090558
tt1788391,Kill List,2011,2010,dubious,False,False,828553,30100,478703,0.5777578501314943
tt1448755,Killer Elite,2011,2010,nowomen,False,False,72498355,26021717,59839216,0.8253872243032273
tt1302011,Kung Fu Panda 2,2011,2010,ok,True,False,155353618,171146932,688566122,4.432250312960204
tt1508675,Le Havre,2011,2010,dubious,False,False,5696299,633541,13961315,2.4509449029975428
tt1758692,Like Crazy,2011,2010,ok,True,True,258923,3516575,3864669,14.925939371936831
tt1219289,Limitless,2011,2010,notalk,False,False,27963651,82077930,175797590,6.2866465469762876
tt0466893,Margaret,2011,2010,ok,True,False,14499671,48869,48869,0.003370352334201238
tt1615147,Margin Call,2011,2010,notalk,False,True,3521349,5544660,18510079,5.25653066481056
tt1305591,Mars Needs Moms,2011,2010,dubious,False,False,155353618,22156282,40961320,0.2636650534910619
tt1441326,Martha Marcy May Marlene,2011,2010,ok,True,False,1035691,3087434,3657064,3.531037732296602
tt1527186,Melancholia,2011,2010,ok,True,False,9735493,3139021,18688080,1.9195822954215056
tt1605783,Midnight in Paris,2011,2010,ok,True,False,31070724,58844493,160342190,5.160555318891185
tt1229238,Mission: Impossible - Ghost Protocol,2011,2010,notalk,False,True,150175164,216871479,719508092,4.791125728352792
tt1210166,Moneyball,2011,2010,notalk,False,False,51784539,78303911,115142275,2.223487496914861
tt1396218,Mr. Popper's Penguins,2011,2010,notalk,False,False,56962993,70659436,196392298,3.447717327634101
tt1598822,New Year's Eve,2011,2010,ok,True,False,26927960,56491379,148791377,5.525534685880401
tt1411238,No Strings Attached,2011,2010,ok,True,False,25892270,73184210,154554145,5.9691230239758815
tt1720182,October Baby,2011,2010,ok,True,False,1035691,5547001,5547001,5.355845517630258
tt1637706,Our Idiot Brother,2011,2010,ok,True,False,5178454,25700491,26784257,5.172249671427032
tt1778304,Paranormal Activity 3,2011,2010,ok,True,False,5178454,107741677,214429259,41.40796828551533
tt1092026,Paul,2011,2010,ok,True,False,41427631,38748242,103755310,2.504495369286262
tt1298650,Pirates of the Caribbean: On Stranger Tides,2011,2010,notalk,False,False,258922697,249667634,1080913060,4.174655495728905
tt0822847,Priest,2011,2010,notalk,False,True,62141447,30176535,87157549,1.4025670982524756
tt0448694,Puss in Boots,2011,2010,notalk,False,False,134639802,154587729,574795417,4.26913444955898
tt1192628,Rango,2011,2010,notalk,False,True,139818256,127656741,254266825,1.8185523999097801
tt0433035,Real Steel,2011,2010,notalk,False,False,113925987,88513562,303703179,2.66579370517106
tt1486185,Red Riding Hood,2011,2010,ok,True,False,43499013,39006354,93523336,2.1500105301239825
tt0873886,Red State,2011,2010,ok,True,False,4142763,1103455,1103455,0.2663572596356586
tt1498569,Restless,2011,2010,ok,True,False,8285526,169597,2918985,0.3522992988013072
tt1436562,Rio,2011,2010,notalk,False,False,93212171,148745713,504919774,5.4168867496928055
tt1318514,Rise of the Planet of the Apes,2011,2010,notalk,False,False,96319243,183068895,500093845,5.192045010154409
tt1723811,Shame,2011,2010,notalk,False,False,6731990,4145138,11166495,1.658721269639438
tt1541995,Snow Flower and the Secret Fan,2011,2010,ok,True,False,6214145,1396324,11753231,1.8913673562493312
tt1596346,Soul Surfer,2011,2010,ok,True,False,18642434,45418587,48841781,2.6199251127830196
tt0945513,Source Code,2011,2010,notalk,False,True,33142105,56664949,145440503,4.388390628778709
tt0999913,Straw Dogs,2011,2010,ok,True,False,25892270,10692928,11655479,0.45015284484519896
tt0978764,Sucker Punch,2011,2010,ok,True,True,77676809,37691379,92961937,1.196778526265156
tt1650062,Super 8,2011,2010,ok,True,True,51784539,131537058,269379017,5.20191976605218
tt1675192,Take Shelter,2011,2010,ok,True,False,4919531,1790661,3240628,0.6587270209294341
tt1385826,The Adjustment Bureau,2011,2010,dubious,False,True,51991677,64726164,132354553,2.545687322222747
tt0983193,The Adventures of Tintin,2011,2010,notalk,False,False,134639802,80361144,387342089,2.8768765494768034
tt1655442,The Artist,2011,2010,notalk,False,True,16571053,46261299,132834295,8.016044303279942
tt1412386,The Best Exotic Marigold Hotel,2011,2010,ok,True,False,10356908,48039108,139537943,13.472934489714497
tt1259521,The Cabin in the Woods,2011,2010,dubious,False,True,31070724,43574905,73293915,2.358938111644904
tt1093357,The Darkest Hour,2011,2010,ok,True,False,36042039,22208829,65074228,1.8055090612381837
tt1535616,The Divide,2011,2010,ok,True,False,3107072,18642,18642,0.005999860962346544
tt1235170,The Future,2011,2010,ok,True,False,1035691,588958,588958,0.5686618885362527
tt1568346,The Girl with the Dragon Tattoo,2011,2010,notalk,False,True,93212171,106174662,241492267,2.5907804142873143
tt0990407,The Green Hornet,2011,2010,notalk,False,False,113925987,102305579,236120048,2.0725740826805388
tt1540133,The Guard,2011,2010,notalk,False,False,6214145,5551069,16513705,2.657437990262538
tt1454029,The Help,2011,2010,ok,True,False,25892270,175762513,220726425,8.524800065811148
tt1007029,The Iron Lady,2011,2010,ok,True,False,14499671,31028712,119717677,8.25657885616853
tt1189340,The Lincoln Lawyer,2011,2010,notalk,False,False,41427631,60079594,90255363,2.1786271824232477
tt0472399,The Mechanic,2011,2010,nowomen,False,False,44016858,30160867,79072292,1.796409275737037
tt1204342,The Muppets,2011,2010,notalk,False,True,46606085,91789051,166717137,3.57715386306316
tt1161864,The Rite,2011,2010,dubious,False,True,38320559,34227129,99475649,2.5958819911786777
tt1265990,The Roommate,2011,2010,ok,True,False,16571053,38631377,41942847,2.531091234817727
tt0472181,The Smurfs,2011,2010,ok,True,False,113925987,147704169,583162839,5.118786804980676
tt1509767,The Three Musketeers,2011,2010,men,False,False,93212171,21105217,144870266,1.5541990326563684
tt0478304,The Tree of Life,2011,2010,nowomen,False,True,36249178,13780555,64529403,1.7801618287730552
tt1324999,The Twilight Saga: Breaking Dawn - Part 1,2011,2010,ok,True,False,132050575,291326492,735276926,5.568146340900068
tt0800369,Thor,2011,2010,ok,True,True,155353618,187491749,465363438,2.9955107836625987
tt1340800,Tinker Tailor Soldier Spy,2011,2010,notalk,False,False,21749507,25011304,84359926,3.8787052046742945
tt0471042,Tower Heist,2011,2010,notalk,False,False,88033717,80832113,158947830,1.8055335548310427
tt1399103,Transformers: Dark of the Moon,2011,2010,ok,True,True,201959703,364967639,1163903170,5.763046551915359
tt1568911,War Horse,2011,2010,notalk,False,True,72498355,82734459,162412399,2.2402218505509537
tt1291584,Warrior,2011,2010,notalk,False,False,25892270,14144548,25079651,0.9686153821198373
tt1389137,We Bought a Zoo,2011,2010,men,False,True,51784539,78323650,123169061,2.3784910202637897
tt1714210,Weekend,2011,2010,notalk,False,False,196781,501887,1633890,8.303088204653905
tt0770703,What's Your Number,2011,2010,ok,True,False,20713816,14511151,31807187,1.53555419242886
tt1449283,Winnie the Pooh,2011,2010,nowomen,False,False,31070724,27645535,51935343,1.6715202066099264
tt1270798,X-Men: First Class,2011,2010,ok,True,True,165710526,151633733,368093107,2.221301904503037
tt1625346,Young Adult,2011,2010,ok,True,False,12428289,16893744,23562334,1.8958630588651422
tt1742336,Your Sister's Sister,2011,2010,ok,True,False,124283,1654502,3200899,25.754922233933844
tt1542344,127 Hours,2010,2010,dubious,False,True,19228173,19586277,64879307,3.374179491728101
tt1014759,Alice in Wonderland,2010,2010,ok,True,False,213646368,356993585,1094287202,5.1219555578871345
tt1313092,Animal Kingdom,2010,2010,notalk,False,False,4486574,1115276,8629906,1.9234957453058836
tt1431181,Another Year,2010,2010,ok,True,False,8545855,3424437,19768384,2.3132131308101997
tt1423894,Barney's Version,2010,2010,ok,True,False,32046955,8014473,9449125,0.29485250626775616
tt1532503,Beginners,2010,2010,notalk,False,False,3418342,6186017,12353318,3.613833256005397
tt1164999,Biutiful,2010,2010,notalk,False,False,37388114,5449304,26813941,0.7171782187248065
tt0947798,Black Swan,2010,2010,ok,True,True,13887014,114252393,353869648,25.482054529505046
tt1120985,Blue Valentine,2010,2010,men,False,True,1068232,10402326,17696585,16.566237483992243
tt1126591,Burlesque,2010,2010,ok,True,False,58752751,42131764,95774887,1.6301345106376381
tt1194417,Casino Jack,2010,2010,notalk,False,True,13352898,2179053,2222851,0.16646955589715431
tt1020558,Centurion,2010,2010,notalk,False,False,16023478,132001,7075508,0.44157129931466815
tt1438254,Charlie St. Cloud,2010,2010,notalk,False,True,47002201,33335524,51785833,1.101774638170668
tt0800320,Clash of the Titans,2010,2010,dubious,False,False,133528980,174351340,526867848,3.945719109065313
tt1244754,Conviction,2010,2010,ok,True,False,13352898,7261515,10824983,0.8106841675866917
tt1385867,Cop Out,2010,2010,notalk,False,False,39524578,47937418,59724746,1.5110786508587137
tt1555064,Country Strong,2010,2010,ok,True,False,16023478,21598495,21953741,1.3700983644125202
tt1336617,Cyrus,2010,2010,notalk,False,False,7477623,7978555,10724926,1.434269419573573
tt1279935,Date Night,2010,2010,ok,True,False,58752751,105446665,162658630,2.76852789412363
tt0989757,Dear John,2010,2010,nowomen,False,False,26705796,85474402,118960872,4.454496394715215
tt1323594,Despicable Me,2010,2010,ok,True,True,73707997,268675247,580578700,7.876739616191172
tt1314655,Devil,2010,2010,ok,True,True,10682318,35977680,67676882,6.3354116587804254
tt1196141,Diary of a Wimpy Kid,2010,2010,ok,True,False,16023478,68370710,82205045,5.1302872572359135
tt0427152,Dinner for Schmucks,2010,2010,notalk,False,False,73707997,78009058,92718787,1.257920317655627
tt1270761,Don't Be Afraid of the Dark,2010,2010,ok,True,False,26705796,25687431,33703834,1.262041917791928
tt1231583,Due Date,2010,2010,notalk,False,False,69435070,107399007,226186388,3.257523726842934
tt1013860,Dylan Dog: Dead of Night,2010,2010,nowomen,False,False,21364637,1267498,6506276,0.3045348254688343
tt1282140,Easy A,2010,2010,ok,True,True,8545855,62386303,81400037,9.525089882756026
tt0879870,"Eat, Pray, Love",2010,2010,ok,True,True,64093910,86071723,219892171,3.4307810367630873
tt1226273,Edge of Darkness,2010,2010,notalk,False,False,64093910,46269276,86749716,1.353478294583682
tt1531663,Everything Must Go,2010,2010,notalk,False,False,5341159,2897185,2897185,0.5424262786410216
tt0977855,Fair Game,2010,2010,ok,True,False,53411592,12281992,27878177,0.5219499355121263
tt1433108,Faster,2010,2010,nowomen,False,False,12818782,24825729,38091703,2.9715540056769822
tt1405500,For Colored Girls,2010,2010,ok,True,False,22432869,40304065,40611902,1.8103748566445068
tt1323045,Frozen,2010,2010,notalk,False,False,160234776,419868647,1073092418,6.6970007684224555
tt1226229,Get Him To The Greek,2010,2010,notalk,False,False,42729274,65326144,97696078,2.286396862254201
tt1322312,Going the Distance,2010,2010,ok,True,False,34183419,19019119,42718768,1.2496926653240858
tt0947810,Green Zone,2010,2010,nowomen,False,True,106823184,37919386,104177195,0.9752301990923619
tt1375670,Grown Ups,2010,2010,ok,True,True,80117388,173054825,290797736,3.629645739324402
tt1376195,Gunless,2010,2010,men,False,False,10575495,489308,489308,0.046268094306696754
tt0926084,Harry Potter and the Deathly Hallows: Part 1,2010,2010,ok,True,True,133528980,316178791,1021656625,7.651197702551162
tt1231587,Hot Tub Time Machine,2010,2010,notalk,False,False,38456346,53699864,67522890,1.7558321843682185
tt0892769,How to Train Your Dragon,2010,2010,ok,True,False,176258254,232427199,528636950,2.999218124559432
tt1226236,I Am Love,2010,2010,ok,True,False,10682318,5346997,16164710,1.5132211941265932
tt1375666,Inception,2010,2010,dubious,False,True,170917095,312539208,889393184,5.20365258957859
tt1591095,Insidious,2010,2010,ok,True,True,1602348,57694294,106685260,66.580580498119
tt1228705,Iron Man 2,2010,2010,ok,True,False,181599413,333751233,666108069,3.6680078310605553
tt0804497,It's Kind of a Funny Story,2010,2010,notalk,False,False,8545855,6797830,7080589,0.8285407370005693
tt1250777,Kick-Ass,2010,2010,notalk,False,True,29910492,51351297,104182018,3.483126188629729
tt1013743,Knight and Day,2010,2010,men,False,True,124983125,81637519,280028482,2.240530327594225
tt1038686,Legion,2010,2010,ok,True,False,27774028,42908822,73552139,2.6482344944708776
tt1228987,Let Me In,2010,2010,notalk,False,True,21364637,12962924,30199340,1.4135199207924758
tt0892318,Letters to Juliet,2010,2010,dubious,False,True,32046955,56650955,84535576,2.6378660936741105
tt0758752,Love and Other Drugs,2010,2010,men,False,True,32046955,34575465,109728398,3.423988269712364
tt0985694,Machete,2010,2010,ok,True,False,13352898,28408179,47356808,3.5465565602313447
tt1371155,Made In Dagenham,2010,2010,ok,True,False,8545855,1170108,16711628,1.9555244033510983
tt1518812,Meek's Cutoff,2010,2010,men,False,False,2136464,1044487,1997517,0.9349640340300609
tt1001526,Megamind,2010,2010,nowomen,False,True,138870139,158542540,343850165,2.4760554535053787
tt1470827,Monsters,2010,2010,nowomen,False,True,534116,253492,6024539,11.27945802035513
tt1126618,Morning Glory,2010,2010,ok,True,False,42729274,33127720,64137680,1.5010243328730557
tt1415283,Nanny McPhee and the Big Bang,2010,2010,ok,True,False,37388114,31189851,104472930,2.7942818939730416
tt1334260,Never Let Me Go,2010,2010,ok,True,False,16023478,2600773,12294827,0.7673007695333061
tt1536044,Paranormal Activity 2,2010,2010,ok,True,False,3204696,90535754,189624005,59.17066860632023
tt0814255,Percy Jackson & the Olympians: The Lightning Thief,2010,2010,dubious,False,True,101482025,94825128,241919399,2.38386452182049
tt0878835,Please Give,2010,2010,ok,True,False,3204696,4308792,4882010,1.5233925464381022
tt1424381,Predators,2010,2010,nowomen,False,False,42729274,55548791,135915826,3.1808597075625484
tt0473075,Prince of Persia: The Sands of Time,2010,2010,nowomen,False,False,213646368,96952376,357921415,1.675298383729135
tt0935075,Rabbit Hole,2010,2010,ok,True,False,5341159,2381151,6238038,1.1679184236979276
tt0493949,Ramona and Beezus,2010,2010,ok,True,False,16023478,27952425,29343924,1.8313080343730619
tt1245526,Red,2010,2010,men,False,True,64093910,96546967,209843135,3.2739949084086146
tt1403981,Remember Me,2010,2010,ok,True,False,17091709,20369301,60361637,3.5316326178967827
tt1053424,Repo Men,2010,2010,ok,True,False,34183419,14893296,19436733,0.5686011981422924
tt0955308,Robin Hood,2010,2010,dubious,False,True,224328687,112684730,344460978,1.5355190751863135
tt0944835,Salt,2010,2010,ok,True,True,138870139,126383971,315890541,2.2747189804425845
tt0446029,Scott Pilgrim vs. the World,2010,2010,ok,True,False,90799707,33768214,51371013,0.5657618807073904
tt1028576,Secretariat,2010,2010,ok,True,False,37388114,63772921,64495830,1.7250356624032974
tt1261945,Sex and the city 2,2010,2010,ok,True,False,101482025,101853441,314787390,3.1019029232024096
tt0892791,Shrek Forever After,2010,2010,notalk,False,False,176258254,255026238,807844640,4.583301046429292
tt1130884,Shutter Island,2010,2010,notalk,False,False,85458547,136747492,317084404,3.710388429609036
tt1564585,Skyline,2010,2010,dubious,False,False,10682318,22877632,84062765,7.869337441555288
tt1421051,Somewhere,2010,2010,dubious,False,True,7477623,1907483,15367204,2.0550921061412164
tt1440292,Submarine,2010,2010,notalk,False,False,2029641,499507,4894571,2.411545194445717
tt1512235,Super,2010,2010,notalk,False,False,2670580,350077,553731,0.20734484643785245
tt1135084,Takers,2010,2010,notalk,False,False,34183419,61684749,75403567,2.2058521121014842
tt0398286,Tangled,2010,2010,ok,True,False,277740279,214524387,626605502,2.2560843686629983
tt0429493,The A-Team,2010,2010,nowomen,False,True,117505503,82491105,189334662,1.6112833626183447
tt1212436,The Back-up Plan,2010,2010,ok,True,False,37388114,40048019,80417752,2.150890841939767
tt0980970,The Chronicles of Narnia: The Voyage of the Dawn Treader,2010,2010,ok,True,True,165575935,111509464,446720616,2.697980331501676
tt0968264,The Conspirator,2010,2010,dubious,False,False,26705796,12325477,16992803,0.6362964429144894
tt0455407,The Crazies,2010,2010,ok,True,False,20296405,41793064,58705899,2.892428437449883
tt1226753,The Debt,2010,2010,ok,True,False,21364637,33304850,49783934,2.3302026615289555
tt1320253,The Expendables,2010,2010,notalk,False,False,87595011,110101079,286572606,3.271563103063027
tt0964517,The Fighter,2010,2010,men,False,False,11750550,100004670,138082199,11.75112645791048
tt1139328,The Ghost Writer,2010,2010,men,False,False,48070433,16601978,70003894,1.4562775833535762
tt0775489,The Illusionist,2010,2010,nowomen,False,False,17625825,42588953,89509349,5.078306916130167
tt1155076,The Karate Kid,2010,2010,dubious,False,True,42729274,188640789,383593100,8.97729037006339
tt0842926,The Kids Are All Right,2010,2010,ok,True,False,4272927,22231363,38750611,9.06886801482918
tt0954947,The Killer Inside Me,2010,2010,notalk,False,False,13887014,232102,3864090,0.2782520417996266
tt1504320,The King's Speech,2010,2010,ok,True,True,16023478,148267855,460216888,28.721410420384387
tt0938283,The Last Airbender,2010,2010,notalk,False,True,160234776,140763246,341528548,2.131425877239033
tt1320244,The Last Exorcism,2010,2010,ok,True,False,1922817,43834199,74953449,38.981062160361596
tt0480255,The Losers,2010,2010,notalk,False,False,26705796,25201119,28536765,1.0685607349056363
tt1458175,The Next Three Days,2010,2010,ok,True,False,32046955,22591662,71844911,2.2418638837917673
tt1386588,The Other Guys,2010,2010,nowomen,False,True,106823184,127354577,182599780,1.7093647012056858
tt1017451,The Runaways,2010,2010,ok,True,False,10148202,3817511,5638803,0.5556455222314258
tt1285016,The Social Network,2010,2010,notalk,False,True,42729274,103578637,240268986,5.623053319370697
tt0963966,The Sorcerer's Apprentice,2010,2010,notalk,False,False,170917095,67459899,229831139,1.3446936890660353
tt1273678,The Spy Next Door,2010,2010,ok,True,False,29910492,25965625,54462053,1.8208344082069932
tt0889573,The Switch,2010,2010,men,False,False,20296405,29652476,53260400,2.624129741202937
tt1274300,The Tempest,2010,2010,ok,True,False,21364637,296908,296908,0.013897170356790991
tt1243957,The Tourist,2010,2010,nowomen,False,False,106823184,72245755,297749724,2.787313697745613
tt0840361,The Town,2010,2010,notalk,False,False,39524578,98476300,162976800,4.123429224215879
tt1325004,The Twilight Saga: Eclipse,2010,2010,ok,True,True,72639765,321037586,747325041,10.288098275097669
tt0780653,The Wolfman,2010,2010,notalk,False,True,160234776,66433214,152366563,0.9508957219124518
tt1570989,Tiny Furniture,2010,2010,ok,True,False,53412,418399,453089,8.482906462967124
tt0435761,Toy Story 3,2010,2010,dubious,False,True,213646368,443321427,1136341723,5.318797289359957
tt1104001,Tron Legacy,2010,2010,notalk,False,True,213646368,183802922,424689202,1.9878138157724263
tt1403865,True Grit,2010,2010,ok,True,True,37388114,182927231,269490247,7.207912306033944
tt1465522,Tucker and Dale vs Evil,2010,2010,ok,True,False,5341159,239111,5850485,1.095358703981664
tt0477080,Unstoppable,2010,2010,dubious,False,False,101482025,87128132,181077698,1.7843327229625148
tt0817230,Valentine's Day,2010,2010,ok,True,False,55548056,118024294,232414484,4.184025521973262
tt1027718,Wall Street: Money Never Sleeps,2010,2010,dubious,False,True,74776229,56055056,146808831,1.963308834415814
tt1183923,Welcome to the Rileys,2010,2010,ok,True,False,10682318,163287,334204,0.03128571907333221
tt1235189,Wild Target,2010,2010,notalk,False,False,8545855,116798,116798,0.013667210595077965
tt1399683,Winter's Bone,2010,2010,ok,True,True,2136464,6977159,17232238,8.065775037632275
tt1216520,Womb,2010,2010,ok,True,False,13887014,,,
tt1302067,Yogi Bear,2010,2010,nowomen,False,False,85458547,107085981,216086548,2.5285539666383516
tt1414382,You Again,2010,2010,ok,True,False,21364637,27455751,35079607,1.6419472514323552
tt1182350,You Will Meet a Tall Dark Stranger,2010,2010,ok,True,False,16023478,3469420,36584608,2.2831877074377984
tt1022603,(500) Days of Summer,2009,2000,notalk,False,True,8142987,35168338,66015966,8.107094607912305
tt0974661,17 Again,2009,2000,ok,True,True,43429264,69668214,151432312,3.486872630399631
tt1190080,2012,2009,2000,notalk,False,True,217146319,180353228,856000062,3.94204270163106
tt0472033,9,2009,2000,nowomen,False,False,32571948,34471863,52723125,1.6186666207375746
tt0971209,A Perfect Getaway,2009,2000,dubious,False,True,15200242,16845625,24771466,1.629675764372699
tt1019452,A Serious Man,2009,2000,men,False,False,7600121,10019987,32963430,4.337224367875196
tt1315981,A Single Man,2009,2000,notalk,False,False,7600121,9962673,30555070,4.02033993932465
tt1185836,Adam,2009,2000,men,False,False,3474341,2472641,3071090,0.883934536074611
tt1091722,Adventureland,2009,2000,men,False,True,10640170,17419505,18613810,1.749390282298121
tt1186830,Agora,2009,2000,notalk,False,False,76001212,672527,42335163,0.5570327352148016
tt1077262,Ajami,2009,2000,men,False,True,1085732,675172,675172,0.6218588012511375
tt0881891,All About Steve,2009,2000,ok,True,False,16285974,36766024,43567433,2.67515059277388
tt1174732,An Education,2009,2000,ok,True,False,8142987,13652981,32194912,3.953698071727242
tt0808151,Angels & Demons,2009,2000,nowomen,False,False,162859739,144810370,532959416,3.2725056497849354
tt0913354,Armored,2009,2000,nowomen,False,False,21714632,17359628,25689537,1.183051916329966
tt0375568,Astro Boy,2009,2000,dubious,False,False,70572554,21227211,47873178,0.6783540524833492
tt0499549,Avatar,2009,2000,men,False,True,461435929,825707158,3022588801,6.5503975981029425
tt1176740,Away We Go,2009,2000,ok,True,False,22800364,10262276,10974592,0.48133406992976074
tt0889583,Brüno,2009,2000,nowomen,False,True,45600727,65203101,142000928,3.1140057920567803
tt0901476,Bride Wars,2009,2000,ok,True,False,32571948,63749284,125022454,3.8383474638974615
tt0810784,Bright Star,2009,2000,ok,True,False,9228719,4825683,18740466,2.0306681783246407
tt1210042,Brooklyn's Finest,2009,2000,notalk,False,False,18457437,29492371,42596761,2.3078372690639553
tt0765010,Brothers,2009,2000,ok,True,False,28229022,30991293,48905553,1.732456512308503
tt1232207,Capitalism: A Love Story,2009,2000,notalk,False,True,21714632,15594794,20760850,0.9560765294111362
tt0795351,Case 39,2009,2000,ok,True,False,29314753,14398811,31814980,1.0852890351830697
tt1352824,Chloe,2009,2000,men,False,True,14114511,3338902,10504640,0.7442439911662544
tt0844471,Cloudy with a Chance of Meatballs,2009,2000,notalk,False,True,108573160,135575603,257131292,2.3682767637968722
tt1035736,Coco avant Chanel,2009,2000,ok,True,False,24971827,6637983,55170185,2.2092971010891596
tt0327597,Coraline,2009,2000,ok,True,False,65143896,81740638,136842415,2.1006176081332315
tt0433362,Daybreakers,2009,2000,notalk,False,False,21714632,32682233,55808316,2.570078829795504
tt1278340,Dead Snow,2009,2000,men,False,True,868585,50749,2382117,2.742526062503958
tt1136608,District 9,2009,2000,notalk,False,True,32571948,125560771,233645777,7.173220864776034
tt1127180,Drag Me to Hell,2009,2000,ok,True,False,32571948,45709979,99223368,3.0462828934885935
tt1191111,Enter the Void,2009,2000,notalk,False,False,17371706,366974,366974,0.021124810654750893
tt0780511,Everybody's Fine,2009,2000,men,False,False,21714632,9998368,9998368,0.4604438150275814
tt0432283,Fantastic Mr. Fox,2009,2000,notalk,False,False,43429264,22803533,50485349,1.1624730504297747
tt1013752,Fast & Furious,2009,2000,notalk,False,False,92287186,168358172,394190344,4.27134427958395
tt1083456,Fired Up!,2009,2000,notalk,False,False,21714632,18708557,20203912,0.9304284779037472
tt1232776,Fish Tank,2009,2000,ok,True,False,3257195,406796,6430020,1.9740973444942658
tt0758746,Friday the 13th,2009,2000,men,False,False,18457437,70574746,99562425,5.3941630682526505
tt1201167,Funny People,2009,2000,notalk,False,False,78715541,56300661,78042718,0.9914524756934593
tt0436339,G-Force,2009,2000,notalk,False,False,162859739,129676275,312028062,1.9159312419136323
tt1046173,G.I. Joe: The Rise of Cobra,2009,2000,notalk,False,True,190003029,163078512,328400169,1.7283943878599957
tt1034032,Gamer,2009,2000,notalk,False,False,54286580,22295397,38068663,0.7012536615863442
tt1194263,Get Low,2009,2000,notalk,False,True,7600121,9963686,10528267,1.3852762344178469
tt1289406,Harry Brown,2009,2000,notalk,False,False,7925841,1974599,6833747,0.8622109628492421
tt0417741,Harry Potter and the Half-Blood Prince,2009,2000,ok,True,True,271432899,327846641,1014525504,3.737665948887058
tt1001508,He's Just Not That Into You,2009,2000,ok,True,False,43429264,102008450,193683923,4.459756052969261
tt1024744,I Come with the Rain,2009,2000,nowomen,False,False,19543169,,681212,0.0348567829506054
tt1045772,I Love You Phillip Morris,2009,2000,notalk,False,True,14114511,2212134,16443063,1.164975747300066
tt1155056,"I Love You, Man",2009,2000,men,False,True,43429264,77564677,99593620,2.2932375736323785
tt1080016,Ice Age: Dawn of the Dinosaurs,2009,2000,notalk,False,False,97715844,213426283,963009937,9.855207687711319
tt0361748,Inglourious Basterds,2009,2000,dubious,False,True,76001212,131190089,344146212,4.5281674192248405
tt1057500,Invictus,2009,2000,notalk,False,False,53200848,40705558,135164207,2.5406400852858586
tt1230414,It's Complicated,2009,2000,ok,True,False,92287186,122400359,243871325,2.6425263958097065
tt1131734,Jennifer's Body,2009,2000,ok,True,False,17371706,17594056,35646920,2.052010320690438
tt1135503,Julie & Julia,2009,2000,ok,True,False,43429264,102194949,137503693,3.166152965429025
tt0448011,Knowing,2009,2000,notalk,False,False,54286580,86812530,203964063,3.757172822454463
tt1197624,Law Abiding Citizen,2009,2000,notalk,False,True,57543775,79646802,142404318,2.4747128251492017
tt0808526,Life During Wartime,2009,2000,ok,True,False,4885792,305576,305576,0.06254380047288137
tt1149361,Micmacs (Micmacs à tire-larigot),2009,2000,dubious,False,False,45600727,1367688,12764862,0.27992672134371893
tt0892782,Monsters vs Aliens,2009,2000,dubious,False,True,190003029,215356519,414410048,2.1810707449300715
tt1182345,Moon,2009,2000,notalk,False,True,5428658,5439692,11591350,2.1352146331561133
tt1121977,Mother and Child,2009,2000,ok,True,False,7600121,1205715,5440068,0.715787024969734
tt1179891,My Bloody Valentine 3D,2009,2000,men,False,False,15200242,55965069,111564348,7.339642882001484
tt1078588,My Sister's Keeper,2009,2000,ok,True,False,29857619,53418244,104960933,3.5153818862783397
tt0875034,Nine,2009,2000,men,False,True,86858528,21363903,58096258,0.6688607248789664
tt1186367,Ninja Assassin,2009,2000,notalk,False,True,54286580,41391219,66905911,1.2324576534384741
tt1266029,Nowhere Boy,2009,2000,dubious,False,False,2062890,1569280,8452669,4.0974889596633846
tt1235796,Ondine,2009,2000,ok,True,False,13028779,597665,597665,0.04587267924338881
tt1532957,Paa,2009,2000,men,False,False,4668646,216308,10630704,2.2770422088117197
tt1188729,Pandorum,2009,2000,notalk,False,False,43429264,11216534,18493734,0.4258357682506432
tt1003034,Perrier's Bounty,2009,2000,nowomen,False,False,7165829,899,899,0.00012545652429049034
tt0762125,Planet 51,2009,2000,notalk,False,False,65143896,45811424,118340524,1.8166018808577247
tt0929632,Precious: Based on the Novel Push by Sapphire,2009,2000,ok,True,False,10857316,51644478,74614567,6.87228473409082
tt1152836,Public Enemies,2009,2000,notalk,False,False,111287489,105429554,228416195,2.052487634077178
tt0465580,Push,2009,2000,ok,True,False,41257801,34538780,48218998,1.1687243825719165
tt0988045,Sherlock Holmes,2009,2000,notalk,False,False,97715844,226949041,541170116,5.53820234106559
tt1017460,Splice,2009,2000,ok,True,False,32571948,18468479,24386618,0.7487000163453533
tt0796366,Star Trek,2009,2000,ok,True,True,152002424,279825625,418745446,2.7548603172275725
tt0473705,State of Play,2009,2000,ok,True,False,65143896,40191563,99285148,1.5240898088133998
tt0986263,Surrogates,2009,2000,notalk,False,False,86858528,41885106,129927709,1.4958543736776198
tt0438488,Terminator Salvation,2009,2000,men,False,True,217146319,136066564,403488847,1.858142697781582
tt0878804,The Blind Side,2009,2000,men,False,False,38000606,277903289,331914441,8.734451261119363
tt1131729,The Boat That Rocked,2009,2000,nowomen,False,True,54286580,8704817,40685241,0.7494530139861454
tt1300851,The Boondock Saints II: All Saints Day,2009,2000,nowomen,False,False,8685853,11153924,11153924,1.2841483732225263
tt0362478,The Box,2009,2000,ok,True,False,27143290,16342407,28600229,1.0536758440115401
tt0896923,The City of Your Final Destination,2009,2000,ok,True,True,9011572,535587,1469316,0.16304769023650922
tt1144884,The Final Destination,2009,2000,ok,True,False,43429264,72176939,203449410,4.684615654550351
tt1220198,The Fourth Kind,2009,2000,ok,True,False,10857316,28465896,53729463,4.948687410406034
tt1132620,The Girl with the Dragon Tattoo,2009,2000,dubious,False,True,97715844,111304636,253160295,2.5907804163263433
tt1103982,The Girlfriend Experience,2009,2000,dubious,False,False,1411451,755495,1092072,0.7737229276822221
tt1247662,The Good Guy,2009,2000,ok,True,False,10857316,109320,109320,0.010068786797768436
tt1119646,The Hangover,2009,2000,notalk,False,False,38000606,301097804,509809040,13.415813421501753
tt1054606,The Imaginarium of Doctor Parnassus,2009,2000,notalk,False,False,32571948,8348849,69869659,2.145086901158015
tt1130080,The Informant!,2009,2000,notalk,False,False,23886095,36173125,45352277,1.8986894676589037
tt1058017,The Invention of Lying,2009,2000,men,False,False,20086035,20033106,35480909,1.766446638174234
tt0824758,The Last Station,2009,2000,ok,True,False,19543169,7185227,17041802,0.8720081170049749
tt0380510,The Lovely Bones,2009,2000,ok,True,False,103144502,47896216,103029901,0.9988889276909786
tt1234548,The Men Who Stare at Goats,2009,2000,nowomen,False,False,26057558,35208316,73122088,2.8061757744144713
tt0790712,The Messenger,2009,2000,notalk,False,False,7057255,1204793,1530512,0.21687072381542116
tt0780521,The Princess and the Frog,2009,2000,ok,True,False,114001818,113351355,294230416,2.5809274024033546
tt1041829,The Proposal,2009,2000,men,False,True,43429264,178014415,341690283,7.867742888758142
tt0898367,The Road,2009,2000,notalk,False,True,27143290,8809919,29981685,1.1045707797396704
tt0485601,The Secret of Kells,2009,2000,nowomen,False,True,8685853,749470,2823897,0.325114528187387
tt0821642,The Soloist,2009,2000,notalk,False,False,65143896,34439578,41750888,0.6409025336771383
tt1111422,The Taking of Pelham 123,2009,2000,nowomen,False,False,119430476,71063643,165426811,1.3851306344956709
tt0452694,The Time Traveler's Wife,2009,2000,dubious,False,False,42343532,68851502,107125483,2.529913730389803
tt1142988,The Ugly Truth,2009,2000,men,False,False,41257801,96538057,222824741,5.400790531710597
tt1139668,The Unborn,2009,2000,ok,True,False,17371706,46328612,84913778,4.888050603665524
tt0962736,The Young Victoria,2009,2000,ok,True,False,38000606,11944429,34611919,0.9108254484152174
tt1055369,Transformers: Revenge of the Fallen,2009,2000,ok,True,True,228003635,436585563,908235868,3.983427141413776
tt1049413,Up,2009,2000,notalk,False,False,190003029,318123879,794258938,4.180243558117171
tt1193138,Up in the Air,2009,2000,men,False,True,32571948,91009693,181146433,5.561424603772547
tt1068678,Veronika Decides to Die,2009,2000,ok,True,False,9771584,,,
tt0409459,Watchmen,2009,2000,men,False,True,149830960,116726786,199848831,1.3338286759959357
tt1178663,Whatever Works,2009,2000,dubious,False,True,16285974,5761658,38116460,2.340447061993345
tt0386117,Where the Wild Things Are,2009,2000,notalk,False,False,108573160,83854815,107621685,0.9912365542275826
tt1172233,Whip It,2009,2000,ok,True,False,16285974,14161591,20472719,1.2570767336359496
tt0365929,Whiteout,2009,2000,ok,True,False,38000606,11156585,13305365,0.3501356004691083
tt0458525,X-Men Origins: Wolverine,2009,2000,dubious,False,True,162859739,195304827,406960171,2.498838408429477
tt0448182,Yesterday Was a Lie,2009,2000,ok,True,False,217146,,,
tt0403702,Youth in Revolt,2009,2000,notalk,False,True,19543169,16596046,21373265,1.0936437688278702
tt1156398,Zombieland,2009,2000,ok,True,True,25623266,82070762,111001503,4.332059113775738
tt0478087,21,2008,2000,ok,True,False,37878971,87835235,170836899,4.510072330106327
tt0800308,Appaloosa,2008,2000,notalk,False,False,21645126,21873909,30016892,1.3867737244865195
tt0455824,Australia,2008,2000,men,False,False,140693320,53630131,232772564,1.6544677743051341
tt0871426,Baby Mama,2008,2000,ok,True,False,32467689,65470243,69688090,2.14638282385913
tt0799934,Be Kind Rewind,2008,2000,notalk,False,False,21645126,12094392,33435494,1.5447123754326955
tt0960731,Bedtime Stories,2008,2000,ok,True,False,86580505,119158557,236319281,2.7294745046820874
tt0861689,Blindness,2008,2000,ok,True,False,27056408,3326198,21702440,0.8021183004041039
tt0397892,Bolt,2008,2000,ok,True,True,162338447,123435400,339778437,2.093025055241535
tt0887883,Burn After Reading,2008,2000,notalk,False,False,40043484,65319955,176857711,4.416641444086134
tt0824747,Changeling,2008,2000,ok,True,False,59524097,38679626,123166807,2.0691923642285577
tt0892255,Che: Part One,2008,2000,notalk,False,False,62770866,317867,32595998,0.5192854595952205
tt0970411,City of Ember,2008,2000,ok,True,False,41125740,8519189,12789087,0.31097524324182374
tt1060277,Cloverfield,2008,2000,ok,True,False,27056408,86632922,184810452,6.830561248189339
tt0489018,Day of the Dead,2008,2000,ok,True,False,19480614,,,
tt0452608,Death Race,2008,2000,notalk,False,False,70346660,39303255,78481785,1.1156433724074462
tt1034303,Defiance,2008,2000,ok,True,False,54112816,31001030,45745616,0.845374892336041
tt0832266,"Definitely, Maybe",2008,2000,ok,True,False,7575794,34893728,60458935,7.980541049558633
tt0483607,Doomsday,2008,2000,ok,True,False,35714458,11914311,23399667,0.6551875153754259
tt0918927,Doubt,2008,2000,ok,True,False,21645126,36197653,55137666,2.547347887926363
tt1059786,Eagle Eye,2008,2000,notalk,False,True,86580505,109784884,192713668,2.2258321085098776
tt0808244,Easy Virtue,2008,2000,ok,True,False,15151588,2875321,13697884,0.904055997298765
tt1129423,Fireproof,2008,2000,men,False,False,541128,36208310,36226687,66.94661337058885
tt0486321,Fly Me to the Moon,2008,2000,nowomen,False,False,27056408,15740274,62280329,2.301869819526672
tt0800039,Forgetting Sarah Marshall,2008,2000,ok,True,False,32467689,68368797,113824188,3.505768088390892
tt0369436,Four Christmases,2008,2000,ok,True,False,86580505,130028810,176998734,2.0443254979859495
tt0870111,Frost/Nixon,2008,2000,notalk,False,False,31385433,20153811,30459656,0.9705029718723333
tt0978759,Frozen River,2008,2000,ok,True,False,1082256,2718061,6526145,6.030130579086649
tt0876563,Gake no ue no Ponyo,2008,2000,ok,True,False,36796715,16331680,222200929,6.038607767024855
tt0995039,Ghost Town,2008,2000,notalk,False,False,21645126,14342754,28801384,1.3306175256267854
tt1205489,Gran Torino,2008,2000,men,False,True,27056408,160277075,297125986,10.981723294533406
tt1104733,Hamlet 2,2008,2000,ok,True,False,9740307,5288138,5301200,0.5442538926134464
tt0448157,Hancock,2008,2000,nowomen,False,False,162338447,246696294,675702695,4.162308482598704
tt1227929,Herb & Dorothy,2008,2000,ok,True,False,89286146,82236872,173580993,1.944097721498697
tt0962726,High School Musical 3: Senior Year,2008,2000,ok,True,False,11904819,98008500,296963426,24.94480814870012
tt0465502,Igor,2008,2000,men,False,False,32467689,21134953,33564393,1.033778320347962
tt0780536,In Bruges,2008,2000,notalk,False,False,16233845,8442492,37374405,2.3022521774724347
tt0367882,Indiana Jones and the Kingdom of the Crystal Skull,2008,2000,notalk,False,False,200217418,343101064,851257517,4.251665641797459
tt0494238,Inkheart,2008,2000,ok,True,False,64935379,18726740,62826552,0.9675242212723514
tt0371746,Iron Man,2008,2000,men,False,True,201299674,344811326,630352749,3.1314146539551775
tt0373051,Journey to the Center of the Earth,2008,2000,notalk,False,False,48701534,110070196,260720275,5.35343044841257
tt0489099,Jumper,2008,2000,notalk,False,False,89286146,87844867,241465674,2.704402472473165
tt0441773,Kung Fu Panda,2008,2000,notalk,False,True,140693320,233155446,683889160,4.86085025216549
tt1139797,Låt den rätte komma in (Let the Right One In),2008,2000,notalk,False,True,4870153,2296640,13255131,2.7217073057047694
tt0866439,Made of Honor,2008,2000,men,False,False,43290252,49797572,115313044,2.663718474080493
tt0467197,Max Payne,2008,2000,ok,True,False,37878971,44034081,92816237,2.4503368108917214
tt0765476,Meet Dave,2008,2000,notalk,False,False,64935379,12774146,54814990,0.8441467631997651
tt1013753,Milk,2008,2000,notalk,False,True,21645126,34460447,62006112,2.8646685632599227
tt1046997,Miracle at St. Anna,2008,2000,men,False,False,48701534,8568101,9859851,0.20245462904720823
tt0981227,Nick and Norah's Infinite Playlist,2008,2000,ok,True,False,10822563,34077322,36303849,3.3544594750799788
tt0410377,Nim's Island,2008,2000,ok,True,False,40043484,51955621,101820495,2.5427481534823495
tt0910936,Pineapple Express,2008,2000,men,False,False,28138664,94525760,109902346,3.9057414381862623
tt1226681,Pontypool,2008,2000,nowomen,False,True,1623384,4183,34541,0.021277159316588065
tt0368563,Possession,2008,2000,ok,True,False,27056408,10934736,16023683,0.5922324574644202
tt0926129,Prom Night,2008,2000,ok,True,False,19480614,47477881,61807319,3.172760314433621
tt0830515,Quantum of Solace,2008,2000,notalk,False,False,248918952,183300049,640362486,2.572574248986875
tt1082868,Quarantine,2008,2000,ok,True,False,12987076,34298662,44688323,3.440984175344781
tt1084950,Rachel Getting Married,2008,2000,ok,True,False,12987076,13849484,14423083,1.110572002504644
tt0959337,Revolutionary Road,2008,2000,ok,True,False,48701534,24796094,86109680,1.7681102201010752
tt1032755,RocknRolla,2008,2000,notalk,False,False,19480614,6169538,30080599,1.544129923214946
tt0814314,Seven Pounds,2008,2000,ok,True,False,58441841,75705803,180322655,3.0855060674765533
tt1000774,Sex and the City,2008,2000,ok,True,False,62229738,165203458,449403966,7.221691436335471
tt1010048,Slumdog Millionaire,2008,2000,notalk,False,False,15151588,152944384,416148834,27.465690988957725
tt0811080,Speed Racer,2008,2000,ok,True,False,129870757,47560583,101076746,0.7782871859290079
tt0942903,Stargate: The Ark of Truth,2008,2000,dubious,False,True,7575794,,,
tt0838283,Step Brothers,2008,2000,notalk,False,True,70346660,108732985,139036162,1.9764429754021016
tt0862846,Sunshine Cleaning,2008,2000,ok,True,False,5411282,13054780,17816707,3.292511275516597
tt0383028,"Synecdoche, New York",2008,2000,dubious,False,False,21645126,3337178,4744112,0.21917691770424436
tt0936501,Taken,2008,2000,ok,True,False,27056408,156928235,245608963,9.07766333949429
tt0200465,The Bank Job,2008,2000,ok,True,False,21645126,32533339,71583685,3.3071503025669613
tt0844286,The Brothers Bloom,2008,2000,dubious,False,False,21645126,3822265,5986778,0.2765878101148499
tt0499448,The Chronicles of Narnia: Prince Caspian,2008,2000,ok,True,False,243507670,153270751,453996009,1.8644012691674148
tt0421715,The Curious Case of Benjamin Button,2008,2000,dubious,False,True,173161010,137997773,356938225,2.061308287587373
tt0468569,The Dark Knight,2008,2000,dubious,False,True,200217418,577216380,1085385502,5.421034357760023
tt0970416,The Day the Earth Stood Still,2008,2000,ok,True,False,86580505,85895413,252238208,2.9133372229695356
tt0406759,The Eye,2008,2000,ok,True,False,12987076,34003083,61600619,4.743224648874004
tt0865556,The Forbidden Kingdom,2008,2000,notalk,False,True,59524097,56358790,139692526,2.346823102583144
tt0852713,The House Bunny,2008,2000,ok,True,False,27056408,52205219,76014858,2.809495554620554
tt0887912,The Hurt Locker,2008,2000,notalk,False,True,16233845,18417633,53998338,3.326281481682251
tt0800080,The Incredible Hulk,2008,2000,notalk,False,False,148810243,145895632,285085699,1.915766638456467
tt0981072,The Lucky Ones,2008,2000,ok,True,False,15151588,288927,288927,0.01906909031581376
tt0467200,The Other Boleyn Girl,2008,2000,ok,True,False,43290252,29020656,84107503,1.9428739523161012
tt0976051,The Reader,2008,2000,notalk,False,False,35173330,37007113,122315840,3.4775166297873987
tt0416212,The Secret Life of Bees,2008,2000,ok,True,False,11904819,40876996,43272961,3.6349112909654484
tt1018785,The Sisterhood of the Traveling Pants 2,2008,2000,ok,True,False,29220920,47716642,47911629,1.6396345152719354
tt0482606,The Strangers,2008,2000,dubious,False,True,9740307,56924095,89883201,9.227963861919342
tt0420238,The Tale of Despereaux,2008,2000,ok,True,False,64935379,55062111,97925059,1.5080386148204357
tt0430770,The Women,2008,2000,ok,True,False,17316101,29114940,54225162,3.131487971801504
tt1125849,The Wrestler,2008,2000,notalk,False,False,6493538,28396504,50470238,7.772378940417381
tt0882978,Three Kingdoms: Resurrection of the Dragon,2008,2000,notalk,False,False,21645126,,23960711,1.1069795112303804
tt0800241,Transsiberian,2008,2000,ok,True,False,16233845,2384904,6904335,0.4253049724202738
tt0942385,Tropic Thunder,2008,2000,nowomen,False,False,97403068,119547447,203641087,2.0907050586948657
tt1099212,Twilight,2008,2000,ok,True,True,40043484,208626391,430655689,10.754700789771439
tt0985699,Valkyrie,2008,2000,notalk,False,False,97403068,89911432,220674342,2.265578965130749
tt0497465,Vicky Cristina Barcelona,2008,2000,ok,True,False,17316101,25126430,113100998,6.531551069146571
tt0910970,WALL-E,2008,2000,notalk,False,True,194806136,242217798,576399965,2.9588388581353517
tt1185616,Waltz with Bashir,2008,2000,nowomen,False,False,2164513,2471710,12040820,5.562830992468052
tt0493464,Wanted,2008,2000,notalk,False,False,81169223,145572728,370582375,4.565552820432937
tt0494652,"Welcome Home, Roscoe Jenkins",2008,2000,dubious,False,False,29762049,45927188,47194630,1.5857318829090026
tt1152850,Wendy and Lucy,2008,2000,ok,True,False,324677,936904,1532525,4.720152644012357
tt1033643,What Happens In Vegas,2008,2000,ok,True,False,37878971,86880989,236511649,6.243877348199348
tt1068680,Yes Man,2008,2000,notalk,False,True,54112816,105726675,244580160,4.519819482320048
tt1038988,[Rec],2007,2000,ok,True,False,2359441,,30468201,12.913313365326788
tt0450385,1408,2007,2000,ok,True,False,25279728,80878983,147480104,5.8339276435252785
tt0463854,28 Weeks Later,2007,2000,ok,True,False,16853152,32177067,72168247,4.282180983118173
tt0381849,3:10 to Yuma,2007,2000,nowomen,False,False,53930087,60229701,79964640,1.482746356407695
tt0389722,30 Days of Night,2007,2000,men,False,False,33706305,44457488,90193752,2.6758718287275927
tt0411061,88 Minutes,2007,2000,notalk,False,False,33706305,19022584,37026824,1.098513290020962
tt0445922,Across the Universe,2007,2000,ok,True,False,50559457,27351175,32995262,0.6526031717468801
tt0783233,Atonement,2007,2000,ok,True,False,33706305,57278425,146285687,4.340009591677284
tt0416508,Becoming Jane,2007,2000,ok,True,False,18538467,20969716,44228231,2.3857544963129906
tt0442933,Beowulf,2007,2000,ok,True,False,168531522,92349898,219085603,1.2999681032964268
tt0445934,Blades of Glory,2007,2000,ok,True,False,68536152,133246132,163581806,2.3867958913129526
tt0398808,Bridge to Terabithia,2007,2000,ok,True,False,28088587,92393631,155031909,5.5193915236818425
tt0283503,Brooklyn Rules,2007,2000,ok,True,False,8988348,514844,514844,0.05727904616065155
tt0423977,Charlie Bartlett,2007,2000,men,False,False,13482522,4438327,5950184,0.44132574009521364
tt0472062,Charlie Wilson's War,2007,2000,ok,True,False,84265761,74896639,134277795,1.5935036176793087
tt0795368,Death at a Funeral,2007,2000,ok,True,True,23594413,48019515,55028051,2.332249206623619
tt0848557,Diary of the Dead,2007,2000,ok,True,False,3089745,1070310,6060896,1.9616168971873083
tt0486822,Disturbia,2007,2000,ok,True,True,22470870,90119077,132098426,5.878652050410153
tt0765443,Eastern Promises,2007,2000,ok,True,False,56177174,19303898,62207616,1.1073468380591733
tt0461770,Enchanted,2007,2000,ok,True,False,95501196,143484229,382436383,4.004519304658761
tt0486576,Fantastic Four: Rise of the Silver Surfer,2007,2000,dubious,False,False,134825218,148219809,323822443,2.4017943215934574
tt0452623,Gone Baby Gone,2007,2000,ok,True,False,21347326,22808178,38896737,1.822089427031751
tt0427327,Hairspray,2007,2000,ok,True,False,84265761,133557691,227935344,2.7049579959290937
tt0373883,Halloween,2007,2000,ok,True,False,16853152,65467925,87090800,5.167626803579532
tt0367959,Hannibal Rising,2007,2000,notalk,False,False,56177174,31088139,90538854,1.6116662258589227
tt0373889,Harry Potter and the Order of the Phoenix,2007,2000,ok,True,True,168531522,328080020,1059438513,6.286292916763666
tt0465494,Hitman,2007,2000,nowomen,False,True,19662011,44590850,112315914,5.71233095129486
tt0498353,Hostel: Part II,2007,2000,ok,True,False,8426576,19712359,37758262,4.480854619954772
tt0425112,Hot Fuzz,2007,2000,notalk,False,True,17976696,26536733,91841386,5.108913562314232
tt0787475,Hot Rod,2007,2000,notalk,False,False,28088587,15660322,16105323,0.5733760477164622
tt0480249,I Am Legend,2007,2000,ok,True,True,168531522,288068696,657733649,3.9027336915642405
tt0758758,Into the Wild,2007,2000,notalk,False,False,22470870,20621917,63362472,2.8197605166155117
tt0467406,Juno,2007,2000,ok,True,False,7864804,161223170,260044254,33.06430192030215
tt0478311,Knocked Up,2007,2000,ok,True,True,30897446,167140312,246229599,7.969254125405705
tt0805564,Lars and the real Girl,2007,2000,ok,True,False,14044294,6692364,11857251,0.844275333455708
tt0337978,Live Free or Die Hard,2007,2000,notalk,False,False,123589783,151149634,430914277,3.4866496771824576
tt0465538,Michael Clayton,2007,2000,men,False,True,24156185,55091699,104475669,4.325006990963184
tt0758766,Music and Lyrics,2007,2000,men,False,False,44941739,56820503,162937935,3.6255369423955757
tt0477348,No Country for Old Men,2007,2000,dubious,False,False,28088587,83449513,184318713,6.562050024089856
tt0481141,No Reservations,2007,2000,ok,True,False,31459218,48433689,102990511,3.273778483622829
tt1179904,Paranormal Activity,2007,2000,dubious,False,False,505595,121251476,218173082,431.5174833611883
tt0808417,Persepolis,2007,2000,ok,True,False,8201867,4992356,25552185,3.1154107961028874
tt0449088,Pirates of the Caribbean: At World's End,2007,2000,ok,True,False,337063045,347647302,1079721346,3.203321639724699
tt0477071,Premonition,2007,2000,ok,True,False,22470870,53764481,91525361,4.073067086410094
tt0382932,Ratatouille,2007,2000,nowomen,False,True,168531522,231950669,703955827,4.176997980235413
tt0432021,Resident Evil: Extinction,2007,2000,ok,True,False,50559457,56905993,164220396,3.24806486746881
tt0293564,Rush Hour 3,2007,2000,notalk,False,False,202237827,157437618,284285677,1.405699819945158
tt0822854,Shooter,2007,2000,notalk,False,True,67412609,52810568,107527136,1.5950597016650105
tt0413267,Shrek the Third,2007,2000,ok,True,True,179766957,362589890,907071412,5.045818359154848
tt0964587,St. Trinian's,2007,2000,ok,True,False,12808396,16853,25219695,1.968997132818192
tt0486655,Stardust,2007,2000,ok,True,False,78648044,43408033,152303819,1.9365239267743264
tt0448134,Sunshine,2007,2000,notalk,False,True,44941739,4144258,35987783,0.8007652529867614
tt0829482,Superbad,2007,2000,notalk,False,True,19662011,136469216,190848721,9.706470055377347
tt0815244,Sydney White,2007,2000,ok,True,False,18538467,13361645,15321020,0.8264448187652194
tt0780622,Teeth,2007,2000,dubious,False,True,2247087,390519,2641047,1.175320314700766
tt0825232,The Bucket List,2007,2000,notalk,False,False,50559457,105013679,195845194,3.873562051902575
tt0385752,The Golden Compass,2007,2000,ok,True,False,230326414,78769081,418222056,1.8157798262773284
tt0419887,The Kite Runner,2007,2000,nowomen,False,False,22470870,17752075,83345293,3.7090372112873244
tt0756683,The Man from Earth,2007,2000,notalk,False,False,224709,,,
tt0425430,The Messengers,2007,2000,ok,True,False,17976696,39745163,60418363,3.360927002381305
tt0884328,The Mist,2007,2000,ok,True,False,14606065,28755697,61544892,4.213653163942513
tt0481369,The Number 23,2007,2000,notalk,False,False,35953391,39541053,87179297,2.424786496494865
tt0775529,The Savages,2007,2000,ok,True,False,10111891,7441321,11956776,1.1824470813619332
tt0780607,The Signal,2007,2000,men,False,False,56177,282178,456495,8.126012425013796
tt0462538,The Simpsons Movie,2007,2000,ok,True,False,81456903,205760152,592187212,7.269945089859358
tt0857191,The Visitor,2007,2000,dubious,False,False,4494174,10591674,21543741,4.79370424910117
tt0469494,There Will Be Blood,2007,2000,nowomen,False,True,28088587,45191743,86747344,3.088348445580406
tt0453556,TMNT,2007,2000,notalk,False,True,39324022,60838866,107968055,2.74560051359955
tt0418279,Transformers,2007,2000,notalk,False,True,169655066,358686980,795775055,4.690546965452833
tt0861739,Tropa de Elite,2007,2000,ok,True,True,7345604,9824,16088238,2.19018585809962
tt0473308,Waitress,2007,2000,ok,True,False,1685315,21456928,24961971,14.811457205329567
tt0498399,We Own the Night,2007,2000,nowomen,False,False,31459218,32091974,62140782,1.9752805680039471
tt0496436,White Noise 2: The Light,2007,2000,notalk,False,False,11235435,,9262006,0.8243566893493666
tt0416449,300,2006,2000,nowomen,False,True,69347781,243427977,524918705,7.56936555763767
tt0405296,A Scanner Darkly,2006,2000,notalk,False,False,23115927,6358748,8558769,0.37025419746307386
tt0437800,Akeelah and the Bee,2006,2000,ok,True,False,9246371,21784947,21913233,2.369927942540917
tt0429591,Aquamarine,2006,2000,ok,True,False,13869556,21494740,26558990,1.914912777308805
tt0416496,Bandidas,2006,2000,ok,True,False,40452872,,21266653,0.5257142929184361
tt0454082,Black Christmas,2006,2000,ok,True,False,10402167,18765207,18765207,1.803970941823949
tt0450259,Blood Diamond,2006,2000,notalk,False,False,115579635,66317186,198077969,1.7137791532219322
tt0479647,"Bon Cop, Bad Cop",2006,2000,notalk,False,False,9246371,14645442,14645442,1.583912434402643
tt0443453,Borat: Cultural Learnings of America for Make Benefit Glorious Nation of Kazakhstan,2006,2000,notalk,False,False,20804334,148526717,302324822,14.53181928342431
tt0470705,Bug,2006,2000,ok,True,False,4623185,8098328,8098328,1.7516772528029918
tt0317219,Cars,2006,2000,notalk,False,True,80905744,282110219,533594150,6.595256697719757
tt0381061,Casino Royale,2006,2000,notalk,False,False,117891227,193439856,689276488,5.846715701754466
tt0206634,Children of Men,2006,2000,ok,True,False,87840522,41091314,80270290,0.9138184538566381
tt0424345,Clerks II,2006,2000,dubious,False,False,5778982,27910249,29928737,5.178894310451218
tt0479884,Crank,2006,2000,nowomen,False,False,13869556,32175530,50768266,3.660410326040718
tt0405094,Das Leben Der Anderen,2006,2000,nowomen,False,True,2311593,13042765,93847250,40.598517991705286
tt0398913,DOA: Dead or Alive,2006,2000,ok,True,False,34673890,555145,8964615,0.2585407925098684
tt0457430,El laberinto del fauno (Pan's Labyrinth),2006,2000,ok,True,True,18492742,43497951,100602327,5.4400979043562065
tt0449010,Eragon,2006,2000,notalk,False,False,115579635,86719588,288357452,2.4948811440700602
tt0457572,Fido,2006,2000,men,False,False,9246371,344554,485204,0.052475073734333175
tt0414982,Final Destination 3,2006,2000,ok,True,False,28894909,62526330,130371575,4.5119219790586635
tt0424095,Flushed Away,2006,2000,nowomen,False,False,172213656,74740347,205345335,1.1923870601759945
tt0470765,For Your Consideration,2006,2000,ok,True,False,13869556,6414581,6414581,0.46249360830296227
tt0436331,Friends with Money,2006,2000,ok,True,False,7512676,15451191,20247613,2.695126610012198
tt0438097,Ice Age: The Meltdown,2006,2000,notalk,False,False,86684726,225762418,753462808,8.691990420549983
tt0417225,Idlewild,2006,2000,ok,True,False,17336945,14643840,14643840,0.8446609249784204
tt0454848,Inside Man,2006,2000,dubious,False,True,57789817,102443127,213399577,3.692684768321727
tt0493430,Jackass Number Two,2006,2000,notalk,False,False,12713760,84117369,98564824,7.7526100854507245
tt0452637,Lady in the Water,2006,2000,men,False,False,86684726,48873044,84124832,0.9704689151350608
tt0408985,Last Holiday,2006,2000,ok,True,False,52010836,44382535,50095967,0.9631832681943432
tt0498380,Letters from Iwo Jima,2006,2000,notalk,False,False,15025353,15899229,79468028,5.288929185224467
tt0404203,Little Children,2006,2000,ok,True,False,16181149,6314137,17063043,1.0545013212596954
tt0449059,Little Miss Sunshine,2006,2000,ok,True,False,9246371,69221912,116216452,12.568871830905335
tt0490166,London To Brighton,2006,2000,ok,True,False,953532,,705933,0.7403348812625061
tt0425210,Lucky Number Slevin,2006,2000,notalk,False,True,31206501,26000177,64141457,2.0553876578473185
tt0483726,Man of the Year,2006,2000,notalk,False,False,23115927,43275535,47783141,2.067109011029495
tt0422720,Marie Antoinette,2006,2000,ok,True,False,46231854,18449366,70344622,1.5215617785953381
tt0482546,Miss Potter,2006,2000,ok,True,False,34673890,3473867,41482984,1.1963752552713296
tt0385880,Monster House,2006,2000,ok,True,False,86684726,85137126,163276310,1.8835649316120582
tt0457510,Nacho Libre,2006,2000,nowomen,False,True,36985483,92692547,114766488,3.103014444883686
tt0477347,Night at the Museum,2006,2000,ok,True,False,127137598,289946849,663982857,5.222553103449383
tt0465551,Notes on a Scandal,2006,2000,ok,True,False,31784400,20238130,57503632,1.8091778356678119
tt0907657,Once,2006,2000,men,False,False,173369,10917487,21956864,126.64815509116393
tt0400717,Open Season,2006,2000,notalk,False,False,98242689,98364347,219487695,2.2341376975135523
tt0401711,Paris je t'aime,2006,2000,dubious,False,False,15025353,5614135,5614135,0.3736441333524743
tt0396171,Perfume: The Story of a Murderer,2006,2000,ok,True,False,73624227,2569674,154418394,2.097385606506945
tt0383574,Pirates of the Caribbean: Dead Man's Chest,2006,2000,men,False,True,260054178,489266869,1225855881,4.7138480543850365
tt0409182,Poseidon,2006,2000,men,False,False,184927415,70127732,209979090,1.1354676103594483
tt0451176,Quinceanera,2006,2000,ok,True,False,462319,1956408,2915828,6.306961210765727
tt0405508,Rang De Basanti,2006,2000,ok,True,False,6125721,2540087,33746588,5.508998532580899
tt0439289,Running with Scissors,2006,2000,ok,True,False,13869556,7928763,10063173,0.7255584100889747
tt0454945,She's the Man,2006,2000,men,False,True,28894909,39168966,63891969,2.2111842954757184
tt0423169,Sherrybaby,2006,2000,dubious,False,False,2311593,230207,719837,0.31140300217209516
tt0367027,Shortbus,2006,2000,ok,True,False,2311593,2294593,2294593,0.9926457641981092
tt0384537,Silent Hill,2006,2000,ok,True,False,57789817,54302354,115559561,1.9996526550689717
tt0439815,Slither,2006,2000,ok,True,False,17625894,9018043,14944843,0.8478913466743871
tt0475394,Smokin' Aces,2006,2000,dubious,False,True,19648538,41218854,64779219,3.2968976623095316
tt0417148,Snakes on a Plane,2006,2000,ok,True,False,38141279,39321133,71683430,1.8794186214888073
tt0405336,Southland Tales,2006,2000,ok,True,False,19648538,318283,421411,0.02144744815110417
tt0430634,Stick It,2006,2000,ok,True,False,23115927,31103330,35135878,1.5199856791380246
tt0420223,Stranger Than Fiction,2006,2000,ok,True,False,34673890,46734845,52282667,1.5078396741755828
tt0348150,Superman Returns,2006,2000,notalk,False,False,268144752,231297965,451770741,1.684801726046833
tt0446046,Take the Lead,2006,2000,ok,True,False,34673890,40154753,75578093,2.1796831275637087
tt0429589,The Ant Bully,2006,2000,men,False,False,52010836,32527039,57340095,1.102464397995833
tt0452594,The Break Up,2006,2000,notalk,False,False,60101410,137316349,234562168,3.9027731296154284
tt0382625,The Da Vinci Code,2006,2000,notalk,False,False,144474543,251427474,887444081,6.142563683347315
tt0783238,The Dead Girl,2006,2000,ok,True,False,3814128,22971,22971,0.006022608575275921
tt0407887,The Departed,2006,2000,notalk,False,False,104021671,154080367,335803963,3.228211581027188
tt0458352,The Devil Wears Prada,2006,2000,ok,True,False,40452872,144174568,377426561,9.330031276889315
tt0414993,The Fountain,2006,2000,dubious,False,False,40452872,11724410,17870505,0.44176109424319737
tt0433386,The Grudge 2,2006,2000,ok,True,False,23115927,45242306,81765471,3.5371919542746437
tt0464049,The History Boys,2006,2000,notalk,False,False,4276446,3155666,15517247,3.628538043038542
tt0457939,The Holiday,2006,2000,ok,True,True,98242689,73138793,237158227,2.4140038247528017
tt0468492,The Host,2006,2000,ok,True,False,57789817,30771576,67253922,1.1637676928445715
tt0443543,The Illusionist,2006,2000,nowomen,False,False,19070640,46080031,96846559,5.07830670601511
tt0410297,The Lake House,2006,2000,dubious,False,False,46231854,60482951,132720223,2.870752771454937
tt0446755,The Painted Veil,2006,2000,dubious,False,False,22422449,9316281,17474248,0.7793193330487673
tt0482571,The Prestige,2006,2000,notalk,False,False,46231854,61361102,124705810,2.697400151852011
tt0454921,The Pursuit of Happyness,2006,2000,nowomen,False,True,63568799,187916346,355205844,5.587738789905406
tt0436697,The Queen,2006,2000,dubious,False,True,17336945,65235123,148965821,8.592391623783776
tt0460989,The Wind That Shakes the Barley,2006,2000,notalk,False,True,9593110,2114116,29669493,3.0927919100270924
tt0370032,Ultraviolet,2006,2000,notalk,False,False,34673890,21407734,23950486,0.6907354784825124
tt0441909,Volver,2006,2000,ok,True,False,10864486,14909619,98936014,9.106368584763237
tt0758794,We Are Marshall,2006,2000,notalk,False,False,75126763,50329573,50329573,0.6699286777469702
tt0455857,When a Stranger Calls,2006,2000,ok,True,False,17336945,55316660,77374176,4.462964841844974
tt0477139,Wristcutters: A Love Story,2006,2000,notalk,False,False,1155796,515676,531824,0.4601365638918979
tt0376994,X-Men: The Last Stand,2006,2000,ok,True,False,242717233,270875277,530926095,2.1874264486197403
tt0463034,"You, Me and Dupree",2006,2000,notalk,False,False,62413003,87611686,150718167,2.41485203011302
tt0383060,Zoom,2006,2000,ok,True,False,40452872,13857222,14454606,0.35731964840469177
tt0389557,Zwartboek,2006,2000,ok,True,False,25427520,5083807,31481990,1.238106980153786
tt0402022,AEon Flux,2005,2000,ok,True,False,65616822,30849435,57209924,0.8718789215363097
tt0398712,Assault on Precinct 13,2005,2000,ok,True,False,35790994,23909452,42997982,1.2013631697404101
tt0372784,Batman Begins,2005,2000,notalk,False,False,178954969,244981925,445357804,2.488658495981746
tt0388500,Beauty Shop,2005,2000,ok,True,False,29825828,43368365,45754431,1.534054008492237
tt0374536,Bewitched,2005,2000,ok,True,False,95442650,75534696,156477397,1.639491328038356
tt0383222,BloodRayne,2005,2000,dubious,False,False,29825828,2869746,4301386,0.1442168177191929
tt0357507,Boogeyman,2005,2000,men,False,False,23860663,55777141,80163307,3.359642898439159
tt0439478,Boynton Beach Club,2005,2000,ok,True,False,3459796,3731178,3731178,1.078438728757418
tt0393109,Brick,2005,2000,notalk,False,False,536865,2476430,4876515,9.0833170350088
tt0388795,Brokeback Mountain,2005,2000,notalk,False,False,16583160,99073958,207704444,12.525022010280308
tt0379725,Capote,2005,2000,dubious,False,False,8351232,34300335,59561080,7.132011181104776
tt0367594,Charlie and the Chocolate Factory,2005,2000,ok,True,False,178954969,246312517,566045396,3.1630605127259694
tt0451094,Chinjeolhan geumjassi,2005,2000,ok,True,False,5368649,252526,28002720,5.2159714669370265
tt0352248,Cinderella Man,2005,2000,men,False,False,104986915,73550386,129491710,1.2334080870935202
tt0393162,Coach Carter,2005,2000,ok,True,False,53686491,80249227,91469619,1.7037734688229111
tt0360486,Constantine,2005,2000,notalk,False,False,89477485,90642097,275453129,3.0784630234075085
tt0435623,Conversations with Other Women,2005,2000,nowomen,False,True,536865,452658,1084540,2.020135415793542
tt0121164,Corpse Bride,2005,2000,dubious,False,False,35790994,63659187,136925192,3.8256884399466524
tt0257516,Cursed,2005,2000,ok,True,False,41756160,23019456,29962909,0.7175685934721967
tt0342258,Danny the dog,2005,2000,notalk,False,False,51300425,29274195,58503506,1.1404097724336593
tt0382628,Dark Water,2005,2000,ok,True,False,71581988,30390244,59023039,0.8245515477999856
tt0342272,Dear Wendy,2005,2000,notalk,False,False,9544265,27566,532615,0.055804716235351805
tt0421054,Domino,2005,2000,ok,True,False,59651656,12132195,27403019,0.45938404459383325
tt0419706,Doom,2005,2000,notalk,False,False,83512319,33658253,65154327,0.7801762396275932
tt0120667,Fantastic Four,2005,2000,notalk,False,True,104390399,184557548,394556433,3.779623765974877
tt0408790,Flightplan,2005,2000,ok,True,False,65616822,107023409,269275914,4.10376342212977
tt0369441,Fun with Dick and Jane,2005,2000,ok,True,False,167024638,131889812,240751838,1.441415116253687
tt0433383,"Good Night, and Good Luck.",2005,2000,notalk,False,False,8351232,37581997,67510048,8.0838429587395
tt0424136,Hard Candy,2005,2000,ok,True,True,1133381,1222429,9862884,8.702178702483984
tt0330373,Harry Potter and the Goblet of Fire,2005,2000,notalk,False,True,178954969,345995160,1070044630,5.979407199360863
tt0400497,Herbie Fully Loaded,2005,2000,ok,True,False,59651656,78752930,171928818,2.88221366394254
tt0382077,Hide and Seek,2005,2000,ok,True,False,29825828,60964573,146862958,4.924019477346949
tt0386588,Hitch,2005,2000,men,False,False,65616822,212102508,437585770,6.668804685481415
tt0443536,Hoodwinked!,2005,2000,ok,True,False,20878080,61305929,131046803,6.276765056940102
tt0450278,Hostel,2005,2000,notalk,False,False,5726559,56462050,98116369,17.133564676448806
tt0410097,Hustle & Flow,2005,2000,dubious,False,False,3340493,26488687,28112307,8.415616197968383
tt0396652,Ice Princess,2005,2000,ok,True,False,29825828,29087739,30699527,1.0292933694917037
tt0418763,Jarhead,2005,2000,nowomen,False,False,85898385,74740591,115661627,1.3464936156832286
tt0418773,Junebug,2005,2000,ok,True,False,1193033,3194955,4244757,3.557954390197086
tt0425123,Just Like Heaven,2005,2000,ok,True,False,69195921,57645130,120123026,1.735984206352279
tt0360717,King Kong,2005,2000,nowomen,False,False,246957858,260176695,656785445,2.659504136936594
tt0320661,Kingdom of Heaven,2005,2000,nowomen,False,False,131233644,56547877,261099301,1.9895759428885478
tt0373469,Kiss Kiss Bang Bang,2005,2000,notalk,False,False,17895497,5053494,15635698,0.8737224789006978
tt0399295,Lord of War,2005,2000,men,False,False,50107391,28811311,74138215,1.4795864147067646
tt0351283,Madagascar,2005,2000,nowomen,False,False,89477485,230965870,663994001,7.420794191969074
tt0331933,Man of the House,2005,2000,ok,True,False,59651656,23502402,26365681,0.441994116642797
tt0416320,Match Point,2005,2000,ok,True,False,17895497,27547047,104974897,5.865995060098079
tt0415978,Me and You and Everyone We Know,2005,2000,ok,True,False,2386066,4635094,10051933,4.212764022453696
tt0397535,Memoirs of a Geisha,2005,2000,ok,True,False,101407816,68015836,192687798,1.900127678521348
tt0366780,MirrorMask,2005,2000,ok,True,False,4772133,1031925,1149158,0.24080594568508465
tt0385307,Miss Congeniality 2: Armed & Fabulous,2005,2000,ok,True,False,71581988,57835867,120952557,1.6897065921108534
tt0356910,Mr. & Mrs. Smith,2005,2000,men,False,False,131233644,222305354,570671028,4.348511636238646
tt0408306,Munich,2005,2000,notalk,False,False,89477485,56524824,155427270,1.737054522710378
tt0395972,North Country,2005,2000,ok,True,False,35790994,21861428,30093356,0.8408080535567132
tt0380599,Oliver Twist,2005,2000,notalk,False,False,77547153,2470676,31819291,0.4103218463739088
tt0414387,Pride and Prejudice,2005,2000,ok,True,False,33404928,45779857,144259786,4.318518094096775
tt0377107,Proof,2005,2000,ok,True,False,23860663,8989900,9883481,0.41421652868572845
tt0421239,Red Eye,2005,2000,ok,True,False,31018861,69066839,114001241,3.675223310101554
tt0294870,Rent,2005,2000,ok,True,False,47721325,34690477,37784099,0.7917655052536785
tt0358082,Robots,2005,2000,notalk,False,True,95442650,152946861,311023751,3.25875016043666
tt0432348,Saw II,2005,2000,dubious,False,True,5965166,103823819,182444702,30.58501674555243
tt0379786,Serenity,2005,2000,ok,True,False,46528292,30439664,45949095,0.9875517244432699
tt0338427,Shopgirl,2005,2000,men,False,False,8947748,12269777,14028182,1.567789124146098
tt0401792,Sin City,2005,2000,ok,True,True,47721325,88408312,189398567,3.968845521368068
tt0474361,Sisters in Law,2005,2000,ok,True,False,357910,39742,39742,0.11103908803889245
tt0405325,Sky High,2005,2000,ok,True,False,71581988,76281887,97384257,1.3604575637100216
tt0362165,Son of the Mask,2005,2000,notalk,False,False,119303313,20303541,71484662,0.5991842154458862
tt0121766,Star Wars: Episode III - Revenge of the Sith,2005,2000,notalk,False,True,137198810,453675396,1012883787,7.382598923416318
tt0382992,Stealth,2005,2000,notalk,False,False,164638572,38316342,91167710,0.5537445380660857
tt0369994,Strangers with Candy,2005,2000,ok,True,False,2386066,2472734,2478937,1.038922225956868
tt0427944,Thank You for Smoking,2005,2000,notalk,False,False,8947748,29579478,47741203,5.335555158683503
tt0405422,The 40 Year Old Virgin,2005,2000,men,False,True,31018861,130576566,211596412,6.821540352497147
tt0424774,The Adventures of Sharkboy and Lavagirl 3-D,2005,2000,notalk,False,False,59651656,46740275,82827477,1.388519322917037
tt0384806,The Amityville Horror,2005,2000,ok,True,False,22071113,77825570,130250195,5.901387709808744
tt0357110,The Ballad of Jack and Rose,2005,2000,ok,True,False,1789550,849790,1343663,0.7508384789472213
tt0363771,"The Chronicles of Narnia: The Lion, the Witch and the Wardrobe",2005,2000,ok,True,False,214745963,348020836,893351507,4.1600386546032535
tt0387131,The Constant Gardener,2005,2000,ok,True,False,30422345,40061811,96730885,3.1795998960632392
tt0435625,The Descent,2005,2000,ok,True,False,8351232,31048038,68038213,8.147086920827968
tt0395584,The Devil's Rejects,2005,2000,ok,True,False,8351232,20335227,24982624,2.9914896388939978
tt0404032,The Exorcism of Emily Rose,2005,2000,ok,True,False,21474596,89563925,172497916,8.032650113650567
tt0432291,The Fog,2005,2000,ok,True,False,21474596,35207734,44200119,2.058251480027843
tt0371724,The Hitchhiker's Guide to the Galaxy,2005,2000,notalk,False,True,53686491,60867491,124098247,2.3115358200631886
tt0399201,The Island,2005,2000,ok,True,False,143163975,42733150,194486964,1.3584909471813702
tt0366627,The Jacket,2005,2000,men,False,False,34001444,7517458,18435915,0.5422097661499318
tt0386140,The Legend of Zorro,2005,2000,notalk,False,False,95442650,54372886,168784763,1.768441708188111
tt0402399,The New World,2005,2000,dubious,False,False,35790994,15165948,31238857,0.8728133395792249
tt0377109,The Ring Two,2005,2000,ok,True,False,59651656,90600996,193201845,3.2388345597647783
tt0397101,The Skeleton Key,2005,2000,ok,True,False,47721325,57155491,110065560,2.3064229670907084
tt0367089,The Squid and the Whale,2005,2000,men,False,False,1789550,8795916,13351738,7.46094716548853
tt0372532,The Wedding Date,2005,2000,ok,True,False,17895497,37851356,56281383,3.145002510966865
tt0407265,Transamerica,2005,2000,ok,True,False,1193033,10755555,19748472,16.553164916645223
tt0423409,Tristram Shandy: A Cock and Bull Story,2005,2000,men,False,False,5666907,1495363,3652785,0.6445817797962804
tt0434409,V for Vendetta,2005,2000,ok,True,True,59651656,84122001,154177511,2.584630860876687
tt0348333,Waiting...,2005,2000,ok,True,False,1342162,19237114,22277835,16.598469484309643
tt0358273,Walk the Line,2005,2000,ok,True,False,34597961,142590606,223941260,6.4726721901328235
tt0407304,War of the Worlds,2005,2000,notalk,False,False,157480373,279504224,723976090,4.597246477184811
tt0240200,Water,2005,2000,ok,True,False,3579099,6596452,9686481,2.7064020861116163
tt0375210,White Noise,2005,2000,notalk,False,False,11930331,66922430,109871622,9.20943618412599
tt0443295,"Yours, Mine and Ours",2005,2000,ok,True,False,53686491,63660149,86327778,1.6079981461258104
tt0406375,Zathura: A Space Adventure,2005,2000,nowomen,False,False,77547153,33459258,69846769,0.9007006227552932
tt0337563,13 Going on 30,2004,2000,ok,True,False,36995786,70464299,118928779,3.214657447742832
tt0212712,2046,2004,2000,ok,True,False,14798315,1778681,23680825,1.6002379324943414
tt0343660,50 First Dates,2004,2000,men,False,True,92489466,148941129,242105970,2.617659939781683
tt0356470,A Cinderella Story,2004,2000,ok,True,False,23430665,63433191,86407246,3.6877846190024908
tt0359423,A Home at the End of The World,2004,2000,dubious,False,False,8015754,1268976,1274887,0.1590476703751138
tt0344510,A Very Long Engagement,2004,2000,ok,True,False,67825608,7606108,73506419,1.0837561382420633
tt0357413,Anchorman: The Legend of Ron Burgundy,2004,2000,men,False,True,30829822,103757037,110205951,3.574654144937976
tt0327437,Around the World in 80 Days,2004,2000,notalk,False,False,135651216,29601758,88795016,0.6545832659546524
tt0370263,AVP: Alien vs. Predator,2004,2000,dubious,False,True,86323501,99002076,212779439,2.4649074300172327
tt0414852,Banlieue 13,2004,2000,nowomen,False,False,18497893,1480098,13821985,0.7472194265584734
tt0381681,Before Sunset,2004,2000,nowomen,False,False,2466386,7143667,13927421,5.646894281754762
tt0317198,Bridget Jones: The Edge of Reason,2004,2000,ok,True,False,61659644,49578078,325432881,5.277891014096675
tt0327554,Catwoman,2004,2000,ok,True,False,123319288,49577287,101301096,0.8214537858830323
tt0337921,Cellular,2004,2000,ok,True,False,55493679,39466636,75811746,1.3661329968769957
tt0376541,Closer,2004,2000,ok,True,False,43161751,41913460,142404808,3.2993287969248515
tt0369339,Collateral,2004,2000,nowomen,False,True,73991573,123529118,268429281,3.6278358482796413
tt0345074,Connie and Carla,2004,2000,ok,True,False,24663858,9924151,9924151,0.4023762624646963
tt0375679,Crash,2004,2000,ok,True,False,9006109,68238010,124765870,13.853471016173577
tt0367631,D.E.B.S.,2004,2000,ok,True,False,4316175,119364,119364,0.027655041790474205
tt0363547,Dawn of the Dead,2004,2000,ok,True,False,34529401,72746991,127577349,3.6947455010876094
tt0364725,Dodgeball: A True Underdog Story,2004,2000,ok,True,False,36995786,140986916,206919534,5.593056841662993
tt0327679,Ella Enchanted,2004,2000,ok,True,False,43161751,28256983,28256983,0.6546764750114054
tt0338013,Eternal Sunshine of the Spotless Mind,2004,2000,men,False,False,24663858,42380545,90014995,3.649672123477195
tt0349416,Eulogy,2004,2000,ok,True,False,12331929,86973,86973,0.007052667915944051
tt0308644,Finding Neverland,2004,2000,ok,True,False,30829822,63727222,141861709,4.601444309344374
tt0377062,Flight of the Phoenix,2004,2000,nowomen,False,False,92489466,25908371,41939879,0.4534557373268865
tt0333766,Garden State,2004,2000,ok,True,False,3082982,33027761,44430462,14.411521702040426
tt0366551,Harold and Kumar Go to White Castle,2004,2000,ok,True,True,11098736,22475144,22475144,2.025018344431294
tt0304141,Harry Potter and the Prisoner of  Azkaban,2004,2000,ok,True,False,160315074,307729658,982470644,6.128373455386984
tt0167190,Hellboy,2004,2000,notalk,False,False,73991573,73527840,123102194,1.6637326253355906
tt0299172,Home on the Range,2004,2000,ok,True,False,135651216,61692142,94317626,0.6952951015197681
tt0356721,I Heart Huckabees,2004,2000,ok,True,False,27130243,15766017,24706665,0.9106687691665718
tt0343818,"I, Robot",2004,2000,notalk,False,True,129485252,178567590,429892298,3.3200097413410448
tt0385267,In Good Company,2004,2000,notalk,False,False,32063015,56097638,78295110,2.441913525599511
tt0362269,Kinsey,2004,2000,ok,True,False,13565122,12596630,16032690,1.1819053304496634
tt0373074,Kung Fu Hustle,2004,2000,nowomen,False,True,24663858,21093356,124558238,5.0502333414342555
tt0375912,Layer Cake,2004,2000,notalk,False,False,8015754,2885618,14613600,1.8231098409457176
tt0339291,Lemony Snicket's A Series of Unfortunate Events,2004,2000,ok,True,False,123319288,146290116,248645124,2.016271161085523
tt0390221,Maria Full of Grace,2004,2000,ok,True,False,3946217,8052286,17808733,4.512862065111979
tt0377092,Mean Girls,2004,2000,ok,True,False,22197472,106112827,161490339,7.2751680461630945
tt0405159,Million Dollar Baby,2004,2000,ok,True,False,36995786,123926269,286120974,7.733880123536232
tt0349825,Miracle,2004,2000,notalk,False,False,34529401,79390606,79509747,2.302668007475716
tt0382189,My Summer of Love,2004,2000,ok,True,False,2096428,1234321,6106125,2.9126328211605643
tt0374900,Napoleon Dynamite,2004,2000,notalk,False,True,493277,54927590,56878201,115.3068174676703
tt0363282,New York Minute,2004,2000,notalk,False,True,49327715,17287347,26163275,0.5303970597462299
tt0390384,Primer,2004,2000,notalk,False,False,8632,523811,697797,80.83839202965709
tt0350028,Raising Helen,2004,2000,ok,True,False,61659644,46226886,53446952,0.8668060425389417
tt0350258,Ray,2004,2000,dubious,False,False,49327715,92866817,153930950,3.1205773468323033
tt0318627,Resident Evil: Apocalypse,2004,2000,ok,True,False,61659644,62572303,159007986,2.578801557790376
tt0332375,Saved!,2004,2000,ok,True,True,6165964,10958349,12613378,2.0456457416877556
tt0387564,Saw,2004,2000,men,False,True,1479831,68053804,127137678,85.91364689616584
tt0363988,Secret Window,2004,2000,notalk,False,False,49327715,59141502,113591309,2.3027887871960013
tt0307453,Shark Tale,2004,2000,notalk,False,False,92489466,199052129,453599307,4.904334802841223
tt0365748,Shaun of the Dead,2004,2000,ok,True,True,6165964,16700976,37405681,6.066477358609294
tt0298148,Shrek 2,2004,2000,ok,True,True,86323501,544117065,1155511754,13.385830516767387
tt0375063,Sideways,2004,2000,ok,True,False,20964279,88176131,135496025,6.463185545279186
tt0346156,Sky Captain and the World of Tomorrow,2004,2000,ok,True,True,86323501,46565462,61327735,0.7104407755658566
tt0371246,Spanglish,2004,2000,ok,True,False,92489466,51848757,67017030,0.7245909496331182
tt0316654,Spider-Man 2,2004,2000,notalk,False,True,246638575,460627734,966459425,3.9185250117504937
tt0372588,Team America: World Police,2004,2000,men,False,False,24663858,40417692,61998567,2.51374164577172
tt0338751,The Aviator,2004,2000,notalk,False,False,135651216,126536475,264654077,1.9509893446145001
tt0372183,The Bourne Supremacy,2004,2000,men,False,False,104821395,217149789,355883988,3.3951464584114723
tt0289879,The Butterfly Effect,2004,2000,men,False,True,16031507,71432302,118444284,7.388218961573607
tt0296572,The Chronicles of Riddick,2004,2000,men,False,True,147983145,71170953,132214001,0.8934395940835018
tt0319262,The Day After Tomorrow,2004,2000,ok,True,False,154149110,230287423,686049183,4.450555588676444
tt0391198,The Grudge,2004,2000,ok,True,False,12331929,136094379,230953737,18.72811114952089
tt0317705,The Incredibles,2004,2000,ok,True,True,113453745,322407292,779510522,6.87073416571661
tt0362270,The Life Aquatic with Steve Zissou,2004,2000,men,False,False,61659644,29604924,42923407,0.6961345252009564
tt0332280,The Notebook,2004,2000,dubious,False,False,36995786,99890827,126127005,3.4092262562011793
tt0293508,The Phantom of the Opera,2004,2000,men,False,True,67825608,63171287,195122925,2.8768326706337817
tt0338348,The Polar Express,2004,2000,notalk,False,False,209642789,240410531,393449767,1.876762701339563
tt0368933,The Princess Diaries 2: Royal Engagement,2004,2000,ok,True,False,55493679,117337605,150537624,2.712698575994574
tt0327162,The Stepford Wives,2004,2000,ok,True,False,123319288,73344915,118660249,0.9622197056473437
tt0362227,The Terminal,2004,2000,notalk,False,False,92489466,95047057,269667169,2.9156527836370034
tt0368447,The Village,2004,2000,ok,True,False,88398934,140827568,317721828,3.5941816673943148
tt0327247,The Whole Ten Yards,2004,2000,notalk,False,False,36995786,20130602,32462531,0.8774656389243899
tt0332452,Troy,2004,2000,notalk,False,False,184978932,164382856,597064223,3.2277417570991274
tt0338526,Van Helsing,2004,2000,ok,True,False,209642789,148168797,370143515,1.765591446124102
tt0383694,Vera Drake,2004,2000,ok,True,False,13565122,4629167,16467879,1.2139867964327928
tt0381707,White Chicks,2004,2000,ok,True,False,24663858,85274051,137438109,5.572449735965882
tt0360201,Wimbledon,2004,2000,ok,True,False,43161751,20794820,51382801,1.1904707248786084
tt0322259,2 Fast 2 Furious,2003,2000,notalk,False,False,96222609,160945047,299075134,3.108158644918888
tt0315733,21 grams,2003,2000,dubious,False,False,25321739,20572268,75544402,2.9833812756698896
tt0319061,Big Fish,2003,2000,notalk,False,True,88626087,84109786,156276743,1.7633266715250555
tt0310778,Bon voyage,2003,2000,ok,True,False,25321739,2980024,10586685,0.41808680675525484
tt0315327,Bruce Almighty,2003,2000,ok,True,False,102553043,307285628,612120077,5.968814372480395
tt0305357,Charlie's Angels: Full Throttle,2003,2000,ok,True,False,151930435,127639706,287654957,1.8933333337721308
tt0159365,Cold Mountain,2003,2000,ok,True,False,101286957,121079205,204640944,2.0204076621632536
tt0306685,Cradle 2 the Grave,2003,2000,notalk,False,False,31652174,43879701,71451544,2.2573976751170393
tt0317303,Daddy Day Care,2003,2000,ok,True,False,75965217,131861413,207999839,2.738093132808401
tt0287978,Daredevil,2003,2000,nowomen,False,True,101286957,129829011,231418562,2.284781465001461
tt0282209,Darkness Falls,2003,2000,notalk,False,False,8862609,41198066,41198066,4.648525733223704
tt0285531,Dreamcatcher,2003,2000,nowomen,False,False,86093913,42648478,95824131,1.1130186520851943
tt0309593,Final Destination 2,2003,2000,ok,True,False,32918261,59375255,114450037,3.4767947492730555
tt0266543,Finding Nemo,2003,2000,notalk,False,True,119012174,481783272,1147664217,9.64325058880111
tt0322330,Freaky Friday,2003,2000,ok,True,False,32918261,139551191,203615191,6.185478358045706
tt0335119,Girl with a Pearl Earring,2003,2000,ok,True,False,15193043,14730114,54798208,3.60679608423408
tt0301357,Goodbye Lenin!,2003,2000,ok,True,True,8102957,5145199,100507729,12.403833440063917
tt0311289,Holes,2003,2000,men,False,True,25321739,85313907,91644342,3.6191962171318486
tt0329717,Hollywood Homicide,2003,2000,notalk,False,False,94956522,38245683,64706900,0.6814371318275537
tt0315983,House of Sand and Fog,2003,2000,ok,True,False,20890435,16466075,20457336,0.9792680717275634
tt0251127,How to Lose a Guy in 10 Days,2003,2000,men,False,True,63304348,133961521,224198644,3.54159944906154
tt0286716,Hulk,2003,2000,notalk,False,False,173453913,167347872,310481535,1.7899944119450335
tt0309698,Identity,2003,2000,notalk,False,False,35450435,66002713,104051689,2.9351315153114483
tt0199626,In the Cut,2003,2000,ok,True,False,15193043,5972708,29998216,1.9744705520809755
tt0301470,Jeepers Creepers II,2003,2000,ok,True,False,31652174,45102830,45102830,1.4249520427885933
tt0266697,Kill Bill: Vol. 1,2003,2000,ok,True,True,69634783,88750338,228019903,3.274511575630242
tt0325703,Lara Croft Tomb Raider: The Cradle of Life,2003,2000,nowomen,False,True,113947826,83123367,198084062,1.73837508755981
tt0333780,"Legally Blonde 2: Red, White & Blonde",2003,2000,ok,True,False,31652174,114756967,158690184,5.013563491720979
tt0286244,Les triplettes de Belleville,2003,2000,ok,True,False,2532174,9244066,18282439,7.220056362635427
tt0335266,Lost In Translation,2003,2000,dubious,False,True,5064348,56449060,142498954,28.137670239090994
tt0314331,Love Actually,2003,2000,ok,True,True,56973913,75297075,313948928,5.510397855242978
tt0311113,Master and Commander: The Far Side of the World,2003,2000,nowomen,False,False,170921739,118918972,269565280,1.5771269446304896
tt0304415,Mona Lisa Smile,2003,2000,ok,True,False,82295652,80780273,178778023,2.1723872240540727
tt0340855,Monster,2003,2000,ok,True,False,6330435,43641017,73437720,11.600738337886733
tt0327056,Mystic River,2003,2000,ok,True,False,37982609,114118990,198566990,5.227839667359343
tt0316396,Peter Pan,2003,2000,ok,True,False,126608696,61301208,120601727,0.9525548466275966
tt0325980,Pirates of the Caribbean: The Curse of the Black Pearl,2003,2000,men,False,True,158260870,386677167,803907108,5.07963281131969
tt0366920,Pride and Prejudice,2003,2000,ok,True,False,35450435,48583127,153093346,4.318518122556183
tt0257076,S.W.A.T.,2003,2000,ok,True,False,88626087,147977201,262275924,2.9593535366172716
tt0306047,Scary Movie 3,2003,2000,ok,True,False,56973913,139269669,196496696,3.448888897625831
tt0327137,Secondhand Lions,2003,2000,notalk,False,False,37982609,53265467,60648814,1.5967521872970865
tt0300471,Shanghai Knights,2003,2000,notalk,False,False,63304348,76560557,111816793,1.7663366977573167
tt0323944,Shattered Glass,2003,2000,men,False,False,7596522,2795488,3713077,0.4887864472715277
tt0165982,Sinbad: Legend of the Seven Seas,2003,2000,men,False,False,75965217,33530353,102259164,1.346131401164825
tt0337741,Something's Gotta Give,2003,2000,dubious,False,False,101286957,157862359,337646706,3.33356550537894
tt0338459,Spy Kids 3-D: Game Over,2003,2000,ok,True,False,50643478,141498677,212515222,4.196299906574347
tt0324133,Swimming Pool,2003,2000,ok,True,False,9875478,12825598,28412666,2.8770927341441093
tt0181852,Terminator 3: Rise of the Machines,2003,2000,ok,True,False,215234783,190366677,548289460,2.547401736642167
tt0298814,The Core,2003,2000,ok,True,False,107617391,39389560,93858357,0.8721486009635747
tt0317740,The Italian Job,2003,2000,notalk,False,True,75965217,134364760,223164081,2.93771399349784
tt0283426,The Jungle Book 2,2003,2000,nowomen,False,True,25321739,60647568,171812557,6.785179998893441
tt0325710,The Last Samurai,2003,2000,nowomen,False,False,177252174,140675650,578361911,3.26293267917831
tt0311429,The League of Extraordinary Gentlemen,2003,2000,nowomen,False,False,98754783,84150728,226965337,2.2982718416787975
tt0167260,The Lord of the Rings: The Return of the King,2003,2000,notalk,False,False,119012174,478385772,1445122625,12.142645381807746
tt0234215,The Matrix Reloaded,2003,2000,ok,True,True,160793043,356471453,935102616,5.815566386165103
tt0242653,The Matrix Revolutions,2003,2000,ok,True,True,139269565,176314964,537149747,3.8569069056832337
tt0338188,The Missing,2003,2000,ok,True,False,82295652,34058165,48432173,0.5885143603941555
tt0332379,The School of Rock,2003,2000,dubious,False,False,25321739,102883716,166061455,6.558058867915825
tt0328538,Thirteen,2003,2000,ok,True,False,2532174,5825321,12035418,4.75299801672397
tt0300556,Timeline,2003,2000,notalk,False,False,101286957,24664310,33808553,0.3337897988188153
tt0339840,Undead,2003,2000,ok,True,False,949565,52158,290250,0.30566627876975244
tt0320691,Underworld,2003,2000,dubious,False,False,27853913,65799413,121175229,4.350384414570406
tt0295700,Wrong Turn,2003,2000,ok,True,False,12660870,19520239,36272829,2.864955488840814
tt0290334,X2 (X-Men 2),2003,2000,ok,True,True,158260870,272145004,516198274,3.2616923816986474
tt0307901,25th Hour,2002,2000,men,False,False,5828306,16946895,32825657,5.632109398511334
tt0289043,28 Days Later...,2002,2000,ok,True,False,10361434,58367141,107442412,10.369453880611506
tt0283832,8 femmes,2002,2000,ok,True,True,10361434,3984522,54885065,5.2970529947881735
tt0298203,8 Mile,2002,2000,notalk,False,False,53102348,151178596,314630213,5.924977422843901
tt0257360,About Schmidt,2002,2000,notalk,False,False,38855376,84193406,137060380,3.527449586384134
tt0268126,Adaptation,2002,2000,dubious,False,False,23960815,29139615,29139615,1.216136220742074
tt0286261,All or Nothing,2002,2000,ok,True,False,11656613,238643,238643,0.02047275653742644
tt0168786,Antwone Fisher,2002,2000,notalk,False,False,16189740,27299975,30265212,1.8694069206793933
tt0295178,Austin Powers in Goldmember,2002,2000,notalk,False,False,81596291,276025731,379148984,4.646644833403028
tt0286499,Bend It Like Beckham,2002,2000,ok,True,False,7253004,42149599,99379590,13.70185236351724
tt0187738,Blade II,2002,2000,notalk,False,False,69939678,105786208,199896148,2.858122223553846
tt0300532,Blue Crush,2002,2000,ok,True,False,38855376,51960544,66855105,1.7206140277731452
tt0303816,Cabin Fever,2002,2000,ok,True,False,1942769,27403645,39310844,20.234440636020032
tt0319970,Carrie,2002,2000,ok,True,False,38855376,45676592,110092382,2.8333886667317283
tt0264464,Catch Me If You Can,2002,2000,notalk,False,True,67349319,213195306,454746230,6.752053870062146
tt0299658,Chicago,2002,2000,ok,True,False,38855376,221070926,398510478,10.256250718047356
tt0275022,Crossroads,2002,2000,ok,True,False,15542151,48165989,73825215,4.749999855232393
tt0266452,Death to Smoochy,2002,2000,men,False,False,64758961,10822278,10845911,0.16748123861962516
tt0246460,Die Another Day,2002,2000,men,False,True,183915449,208448913,559442481,3.0418460441569537
tt0303933,Drumline,2002,2000,notalk,False,False,25903584,73045727,73045727,2.8199081254547633
tt0238380,Equilibrium,2002,2000,notalk,False,False,25903584,1541287,6923858,0.26729343707805064
tt0297884,Far from Heaven,2002,2000,ok,True,False,17484919,20595744,37596351,2.1502159089212824
tt0120679,Frida,2002,2000,men,False,True,15542151,33525714,72155308,4.64255610436419
tt0327753,Funny Ha Ha,2002,2000,ok,True,False,38855,99819,99819,2.5690129970402777
tt0217505,Gangs of New York,2002,2000,notalk,False,False,125632384,100674928,246602123,1.9628865993659723
tt0302674,Gerry,2002,2000,nowomen,False,False,9066255,329860,329860,0.036383269608013455
tt0295297,Harry Potter and the Chamber of Secrets,2002,2000,ok,True,True,129517922,339321257,1138436153,8.789796310969226
tt0257756,High Crimes,2002,2000,ok,True,False,54397527,53805898,82607955,1.518597619336629
tt0297181,I Spy,2002,2000,notalk,False,False,90662545,43467687,78073173,0.8611403198531433
tt0268380,Ice Age,2002,2000,nowomen,False,False,84186649,228453301,500089862,5.94025142870338
tt0280760,Igby Goes Down,2002,2000,men,False,False,11656613,6187673,6187673,0.5308294098808977
tt0278504,Insomnia,2002,2000,notalk,False,False,59578244,87117875,147161499,2.4700543204999463
tt0275847,Lilo and Stitch,2002,2000,ok,True,True,103614337,188800252,318355051,3.0725000054770413
tt0252076,Maid in Manhattan,2002,2000,ok,True,False,71234857,121659935,212199853,2.9788766614636426
tt0303361,May,2002,2000,ok,True,False,2266564,188500,644143,0.2841936075928145
tt0120912,Men in Black II,2002,2000,notalk,False,False,181325090,246626476,572168477,3.155484312733555
tt0181689,Minority Report,2002,2000,notalk,False,True,132108280,170995666,464742312,3.517889355610413
tt0280590,Mr Deeds,2002,2000,men,False,False,64758961,163572654,221824742,3.425390688402181
tt0259446,My Big Fat Greek Wedding,2002,2000,ok,True,False,6475896,312705749,456217193,70.44850519526564
tt0258000,Panic Room,2002,2000,ok,True,False,62168602,123441416,254254517,4.089757672208875
tt0183649,Phone Booth,2002,2000,notalk,False,False,14246971,60311590,126716628,8.894285529183712
tt0238546,Queen of the Damned,2002,2000,ok,True,False,45331273,39254038,39254038,0.8659372526335186
tt0252444,Rabbit-Proof Fence,2002,2000,ok,True,False,9066255,8029593,21845695,2.409561059114265
tt0296166,Real Women Have Curves,2002,2000,ok,True,False,3885538,7580935,7580935,1.9510644343202923
tt0289765,Red Dragon,2002,2000,notalk,False,False,101023979,120393928,267396769,2.6468643548478723
tt0253556,Reign of Fire,2002,2000,notalk,False,False,77710753,55772984,106399210,1.36916972095226
tt0120804,Resident Evil,2002,2000,ok,True,False,45331273,51962213,134423285,2.9653542930506274
tt0267913,Scooby-Doo,2002,2000,ok,True,False,108795054,198543415,357850459,3.289216245069376
tt0286106,Signs,2002,2000,notalk,False,False,91572563,295256424,528777236,5.774406860273202
tt0281373,Snow Dogs,2002,2000,notalk,False,False,41445735,105104690,151403896,3.6530633610430603
tt0307479,Solaris,2002,2000,notalk,False,False,60873423,19388882,19388882,0.3185114462842019
tt0145487,Spider-Man,2002,2000,notalk,False,False,180029911,522872106,1064074398,5.910542265390555
tt0166813,Spirit: Stallion of the Cimarron,2002,2000,nowomen,False,True,103614337,94826948,137956416,1.3314413815146064
tt0283003,Spun,2002,2000,ok,True,False,5828306,531336,1324514,0.2272553980521956
tt0287717,Spy Kids 2: Island of Lost Dreams,2002,2000,ok,True,False,49216810,111186338,155060534,3.1505604284389825
tt0253754,Star Trek: Nemesis,2002,2000,notalk,False,False,77710753,56022212,87182173,1.1218804301124197
tt0121765,Star Wars: Episode II - Attack of the Clones,2002,2000,dubious,False,True,148945610,402382056,850538512,5.7103966474742025
tt0180052,The Adventures of Pluto Nash,2002,2000,men,False,False,129517922,5713168,9189290,0.07094994930508536
tt0280460,The Banger Sisters,2002,2000,ok,True,False,12951792,39252065,49303870,3.806721880647867
tt0258463,The Bourne Identity,2002,2000,notalk,False,False,77710753,157324072,276261727,3.5550000010938
tt0238924,The Dangerous Lives of Altar Boys,2002,2000,notalk,False,False,15542151,2304492,2304492,0.14827368489728351
tt0279113,The Good Girl,2002,2000,ok,True,False,10361434,18156206,21831701,2.1070153996058845
tt0274558,The Hours,2002,2000,ok,True,False,32379480,53977881,125671845,3.8812187533586084
tt0278500,The Importance of Being Earnest,2002,2000,ok,True,False,19427688,10851194,10851194,0.5585427355020319
tt0167261,The Lord of the Rings: The Two Towers,2002,2000,notalk,False,True,121746846,443662324,1200694576,9.862223256280496
tt0289408,The Powerpuff Girls,2002,2000,ok,True,False,32379480,14780124,21274227,0.657028062217182
tt0258068,The Quiet American,2002,2000,men,False,False,25903584,16821330,34125645,1.317410169959493
tt0298130,The Ring,2002,2000,ok,True,False,62168602,167199897,321487424,5.17121848742875
tt0292644,The Rules of Attraction,2002,2000,dubious,False,False,5180717,8452031,15281897,2.9497648684535362
tt0304669,The Santa Clause 2,2002,2000,notalk,False,False,84186649,180322432,223840454,2.6588592925227372
tt0253867,The Sweetest Thing,2002,2000,ok,True,False,55692706,31641581,57808305,1.03798700318135
tt0293662,The Transporter,2002,2000,nowomen,False,False,27198764,32763432,56895840,2.091853879830716
tt0290095,The Tuxedo,2002,2000,nowomen,False,False,77710753,65517936,135255080,1.7404937512315701
tt0133240,Treasure Planet,2002,2000,notalk,False,False,129517922,49372949,118897452,0.9179999969425081
tt0283084,Tuck Everlasting,2002,2000,ok,True,False,19427688,24818223,25054743,1.2896410010290469
tt0313737,Two Weeks Notice,2002,2000,ok,True,False,77710753,120911349,257796757,3.3173884829040325
tt0277434,We Were Soldiers,2002,2000,ok,True,False,90662545,101179654,148502998,1.6379751748641074
tt0298228,Whale Rider,2002,2000,ok,True,False,5569271,26913392,51667906,9.277319419363863
tt0283139,White Oleander,2002,2000,ok,True,False,20722867,21186244,28050694,1.3536106755884696
tt0295701,xXx,2002,2000,notalk,False,False,90662545,183824786,346071886,3.8171428565125765
tt0268978,A Beautiful Mind,2001,2000,notalk,False,False,102635985,224626742,418002230,4.072667398281411
tt0183790,A Knight's Tale,2001,2000,men,False,False,53949684,73797860,132403823,2.4542094259532643
tt0164334,Along Came A Spider,2001,2000,ok,True,False,36843687,97449838,138373157,3.7556815907159344
tt0244000,American Outlaws,2001,2000,notalk,False,False,46054609,17454678,17454678,0.3789995915501096
tt0218817,Antitrust,2001,2000,men,False,False,39475379,14428526,23507863,0.5955069614404462
tt0212720,Artificial Intelligence: AI,2001,2000,notalk,False,False,118426136,103447452,310408061,2.621111111824167
tt0230011,Atlantis: The Lost Empire,2001,2000,notalk,False,True,118426136,110600487,244811851,2.067211337537856
tt0265086,Black Hawk Down,2001,2000,nowomen,False,True,125005366,142951853,210128869,1.6809587918009856
tt0221027,Blow,2001,2000,notalk,False,False,39475379,69727697,109586673,2.7760765260797116
tt0243155,Bridget Jones's Diary,2001,2000,ok,True,False,32896149,94083718,370446373,11.26108630526935
tt0260866,Don't Say A Word,2001,2000,ok,True,False,65792298,72368206,137490616,2.0897676503106792
tt0246578,Donnie Darko,2001,2000,dubious,False,True,5921307,1671811,10127447,1.7103397949135217
tt0240462,Dr. Dolittle 2,2001,2000,ok,True,False,94740909,148625750,231722738,2.4458572378696513
tt0251075,Evolution,2001,2000,ok,True,False,105267677,50411551,129402834,1.2292741484168972
tt0120681,From Hell,2001,2000,dubious,False,False,46054609,41578506,90414888,1.9632104139674706
tt0162346,Ghost World,2001,2000,ok,True,False,7237153,8181731,11528926,1.5930195202450466
tt0280707,Gosford Park,2001,2000,ok,True,False,23685227,54344576,54344576,2.2944502917367013
tt0212985,Hannibal,2001,2000,ok,True,False,114478598,217235991,460678038,4.024141158681905
tt0241527,Harry Potter and the Sorcerer's Stone,2001,2000,ok,True,False,164480745,417880504,1282627914,7.798042950255363
tt0248845,Hedwig and the Angry Inch,2001,2000,ok,True,True,7895076,4036110,4794811,0.6073166363439694
tt0253126,High Heels and Low Lifes,2001,2000,ok,True,False,13158460,298423,298423,0.022679173702697734
tt0160399,Impostor,2001,2000,nowomen,False,False,52633838,8045394,8045394,0.15285592511798207
tt0211443,Jason X,2001,2000,ok,True,False,18421843,17265945,22305955,1.2108427479270125
tt0261392,Jay and Silent Bob Strike Back,2001,2000,ok,True,False,28948611,39553522,44426118,1.5346545642552591
tt0263488,Jeepers Creepers,2001,2000,ok,True,False,13158460,49876055,77554691,5.8939033139136345
tt0236348,Josie and the Pussycats,2001,2000,ok,True,False,28948611,18754529,18754529,0.6478559195810811
tt0035423,Kate & Leopold,2001,2000,men,False,True,63160606,61970361,93343188,1.477870367488241
tt0271027,Kiss of the Dragon,2001,2000,notalk,False,False,32896149,48467177,48467177,1.47333893094903
tt0264761,Kissing Jessica Stein,2001,2000,ok,True,False,1973769,9244768,11621399,5.887922548180663
tt0242587,L.I.E.,2001,2000,notalk,False,False,921092,1501334,1501334,1.6299501027041816
tt0146316,Lara Croft: Tomb Raider,2001,2000,nowomen,False,False,123689520,172565543,361389438,2.921746628170277
tt0250494,Legally Blonde,2001,2000,ok,True,False,23685227,126970485,186599109,7.878290927927353
tt0258273,Lovely and Amazing,2001,2000,ok,True,False,328961,5540210,6178924,18.783150586239707
tt0166276,Monkeybone,2001,2000,dubious,False,True,98688447,7118091,7118091,0.07212689242135911
tt0265343,Monsoon Wedding,2001,2000,ok,True,False,1579015,18259960,35561527,22.52133576945121
tt0198781,"Monsters, Inc.",2001,2000,notalk,False,True,151322285,380836644,736554932,4.867458431519191
tt0203009,Moulin Rouge!,2001,2000,ok,True,False,69739836,75511622,235816959,3.3813810373743927
tt0166924,Mulholland Dr.,2001,2000,ok,True,False,19737689,9499853,15684329,0.7946385719219712
tt0161860,Nowhere in Africa,2001,2000,ok,True,False,8552999,8123355,8123355,0.9497668595541751
tt0240772,Ocean's Eleven,2001,2000,notalk,False,False,111846906,241348715,593089313,5.302688596499934
tt0181739,Osmosis Jones,2001,2000,dubious,False,False,92109217,17891440,17891440,0.1942415817083756
tt0213149,Pearl Harbor,2001,2000,men,False,True,199350663,261247866,591130447,2.965279563680207
tt0206275,Save the Last Dance,2001,2000,ok,True,False,17105997,119792347,173215693,10.1260214765617
tt0256380,Shallow Hal,2001,2000,ok,True,False,52633838,93209654,93209654,1.7709074151119286
tt0286112,Shaolin Soccer,2001,2000,nowomen,False,False,13158460,643280,56286669,4.2776030781717616
tt0126029,Shrek,2001,2000,notalk,False,True,65792298,352192764,647149877,9.836255863870266
tt0244970,Someone Like You...,2001,2000,ok,True,False,30264457,35972640,50903377,1.6819524302055047
tt0227538,Spy Kids,2001,2000,ok,True,False,46054609,148285394,260132301,5.648344577195303
tt0247745,Super Troopers,2001,2000,notalk,False,False,3947538,24333100,30325173,7.682047139254897
tt0232500,The Fast and the Furious,2001,2000,notalk,False,False,50002146,190155939,271738388,5.434534509778841
tt0221218,The Glass House,2001,2000,ok,True,False,28948611,23621318,30082587,1.0391720348862334
tt0290879,The Legend of Suriyothai,2001,2000,ok,True,False,11842614,597730,597730,0.050472809465883124
tt0120737,The Lord of the Rings: The Fellowship of the Ring,2001,2000,notalk,False,True,143427209,415208284,1167441808,8.139611836133547
tt0268995,The Majestic,2001,2000,notalk,False,False,94740909,36575310,49089389,0.5181435297396186
tt0267804,The One,2001,2000,nowomen,False,False,64476452,57773198,57773198,0.8960356255334894
tt0230600,The Others,2001,2000,ok,True,False,22369381,127008987,276257960,12.349825862414342
tt0247638,The Princess Diaries,2001,2000,ok,True,False,39475379,142433448,217555094,5.51115909488798
tt0265666,The Royal Tenenbaums,2001,2000,ok,True,False,36843687,68889320,93992029,2.551102689586957
tt0209475,The Wedding Planner,2001,2000,ok,True,False,36843687,79478222,124648152,3.3831617340577234
tt0245674,Thir13en Ghosts,2001,2000,notalk,False,False,25001073,55091786,90093288,3.6035768544814055
tt0139654,Training Day,2001,2000,notalk,False,False,59213068,100347776,137512958,2.3223413791023293
tt0242998,Valentine,2001,2000,men,False,False,13158460,26822383,26822383,2.038413537754418
tt0259711,Vanilla Sky,2001,2000,notalk,False,False,92109217,132393654,266756984,2.89609436154473
tt0196229,Zoolander,2001,2000,ok,True,True,36843687,59439723,79978408,2.170749306387279
tt0191754,28 Days,2000,2000,ok,True,False,58175060,50105659,83966868,1.443348197664085
tt0181875,Almost Famous,2000,2000,ok,True,False,81174503,43999763,64088881,0.7895198446733945
tt0144084,American Psycho,2000,2000,notalk,False,True,10823267,20388715,38793859,3.584302133542488
tt0221889,Beautiful Creatures,2000,2000,ok,True,False,67645419,26316961,75682603,1.1188134262277243
tt0218839,Best in Show,2000,2000,ok,True,False,8117450,25192844,27998998,3.4492356589815767
tt0249462,Billy Elliot,2000,2000,ok,True,False,6764542,29757576,147846184,21.8560523387984
tt0181984,Boiler Room,2000,2000,notalk,False,False,12176175,22950688,38928095,3.1970709192336675
tt0204946,Bring It On,2000,2000,ok,True,False,13529084,92476091,122375366,9.045354881379996
tt0162222,Cast Away,2000,2000,notalk,False,False,114997212,316082883,578003746,5.02624138400851
tt0173716,Cecil B. Demented,2000,2000,ok,True,False,13529084,1727642,2643423,0.195388172621295
tt0210616,Center Stage,2000,2000,ok,True,False,24352351,23271276,23271276,0.9556069555666309
tt0160127,Charlie's Angels,2000,2000,ok,True,False,121761754,169526922,351399133,2.8859565623537256
tt0120630,Chicken Run,2000,2000,ok,True,False,56822152,144482383,308184297,5.423664647548019
tt0241303,Chocolat,2000,2000,ok,True,False,33822710,96475572,206318992,6.100013629895416
tt0200550,Coyote Ugly,2000,2000,men,False,True,60880877,82238253,156648214,2.573028210483893
tt0168629,Dancer in the Dark,2000,2000,ok,True,False,16911355,5624704,61635111,3.6445992056816263
tt0242423,"Dude, Where's My Car",2000,2000,men,False,False,18940717,63220562,99006237,5.227164156457224
tt0142032,Dune,2000,2000,ok,True,False,60880877,37133914,37133914,0.6099438087923733
tt0195685,Erin Brockovich,2000,2000,ok,True,False,67645419,169855868,348786874,5.156104864987236
tt0195714,Final Destination,2000,2000,notalk,False,False,31116893,72113147,151575620,4.871168210785055
tt0172495,Gladiator,2000,2000,nowomen,False,False,139349563,253918993,619204256,4.443532097764813
tt0187078,Gone in Sixty Seconds,2000,2000,notalk,False,False,139755436,137513677,314744675,2.252110429536351
tt0146882,High Fidelity,2000,2000,men,False,False,27058168,36903356,64779503,2.3940831101351723
tt0164052,Hollow Man,2000,2000,ok,True,False,121761754,99045530,258676083,2.1244444540442475
tt0185431,Little Nicky,2000,2000,notalk,False,False,108232671,53362591,78834500,0.7283798807847955
tt0199725,Love & Basketball,2000,2000,ok,True,False,20293626,37125324,37488584,1.8473083124721033
tt0212338,Meet the Parents,2000,2000,men,False,False,74409961,224887250,412095756,5.538179975662129
tt0209144,Memento,2000,2000,notalk,False,False,6764542,34559865,53741710,7.944619162686846
tt0212346,Miss Congeniality,2000,2000,ok,True,False,60880877,144500988,288738993,4.742687806550487
tt0183523,Mission to Mars,2000,2000,notalk,False,False,121761754,82357777,143408288,1.1777777774127662
tt0190590,"O Brother, Where Art Thou?",2000,2000,nowomen,False,True,35175618,61566286,102501499,2.9139928401542226
tt0134847,Pitch Black,2000,2000,ok,True,False,31116893,53081479,71950493,2.3122646917222744
tt0257001,Pokemon: The Movie 2000,2000,2000,men,False,False,40587251,59185579,181217915,4.464897487144424
tt0199753,Red Planet,2000,2000,nowomen,False,False,108232671,23650043,45273684,0.41829960936656546
tt0210945,Remember the Titans,2000,2000,notalk,False,True,40587251,156470282,184951617,4.556889477437139
tt0180093,Requiem for a Dream,2000,2000,ok,True,False,6088088,4918474,9998139,1.6422461370466392
tt0122459,Return to Me,2000,2000,dubious,False,True,32469801,44189098,44189098,1.360929129193
tt0165929,Romeo Must Die,2000,2000,nowomen,False,False,33822710,75726795,123164396,3.6414703611863155
tt0213203,Rugrats in Paris:,2000,2000,ok,True,False,40587251,103499437,139734889,3.442827133081765
tt0195234,Saving Grace,2000,2000,ok,True,False,5411634,16476533,37593061,6.946711658622886
tt0134084,Scream 3,2000,2000,ok,True,False,54116335,120595650,218952089,4.045951910823229
tt0203119,Sexy Beast,2000,2000,men,False,False,5817506,9397377,13738212,2.361529493910277
tt0184894,Shanghai Noon,2000,2000,notalk,False,True,74409961,77024193,96313324,1.2943606300237143
tt0208092,Snatch.,2000,2000,nowomen,False,True,13529084,40713217,113093815,8.359310578602365
tt0210299,Songcatcher,2000,2000,ok,True,False,2435235,4127634,4127634,1.6949633197617477
tt0163978,The Beach,2000,2000,notalk,False,False,67645419,53816800,53816800,0.7955719810087953
tt0209958,The Cell,2000,2000,men,False,False,47351793,82907528,116230018,2.454606481321626
tt0120917,The Emperor's New Groove,2000,2000,ok,True,True,135290838,120810082,229042753,1.692965735048518
tt0219699,The Gift,2000,2000,dubious,False,False,13529084,16246592,60295888,4.4567605611732475
tt0187393,The Patriot,2000,2000,dubious,False,False,148819922,153325570,291281175,1.9572727299238875
tt0138749,The Road to El Dorado,2000,2000,nowomen,False,False,128526296,68731346,88886081,0.6915789512832455
tt0202677,The Way of the Gun,2000,2000,men,False,False,12176175,8182195,17671601,1.4513261348494089
tt0190138,The Whole Nine Yards,2000,2000,ok,True,False,32469801,77470905,115711368,3.5636611385453207
tt0146309,Thirteen days,2000,2000,notalk,False,False,108232671,46765640,90042204,0.8319318295304752
tt0120913,Titan A.E.,2000,2000,ok,True,False,101468129,30781343,49722060,0.49002638059877895
tt0217869,Unbreakable,2000,2000,nowomen,False,True,99091212,128525137,335655410,3.3873378196242063
tt0182508,Urbania,2000,2000,notalk,False,False,304404,1396303,1396303,4.5870060840199205
tt0190865,Vertical Limit,2000,2000,notalk,False,False,101468129,92638183,288845939,2.846666651358083
tt0161081,What Lies Beneath,2000,2000,ok,True,False,121761754,210329023,390576517,3.2077109943734876
tt0207201,What Women Want,2000,2000,notalk,False,True,87939045,247318583,503417209,5.724615374206077
tt0198021,Where the Heart Is,2000,2000,ok,True,False,20293626,45689304,55282615,2.724136879234889
tt0190332,"Wo hu cang long (Crouching Tiger, Hidden Dragon)",2000,2000,ok,True,False,20293626,173264011,288440067,14.213333142140296
tt0120903,X-Men,2000,2000,notalk,False,True,101468129,212812106,400920487,3.9511962125565554
tt0147800,10 Things I Hate About You,1999,1990,ok,True,False,18180006,53390436,84486720,4.647232789692149
tt0134273,8MM,1999,1990,notalk,False,False,55938481,50964770,134810098,2.409970660447501
tt0169547,American Beauty,1999,1990,ok,True,False,20976930,181881240,498213351,23.75053694701751
tt0163651,American Pie,1999,1990,men,False,False,16781544,142364760,328251410,19.560262750555015
tt0122933,Analyze This,1999,1990,notalk,False,False,41953861,149475534,247367876,5.896188577256334
tt0166485,Anna and the King,1999,1990,men,False,False,104884652,54891212,54891212,0.5233483732205165
tt0149691,Anywhere But Here,1999,1990,dubious,False,False,32164627,26086372,26086372,0.8110267219949419
tt0145660,Austin Powers: The Spy Who Shagged Me,1999,1990,notalk,False,True,48946171,288139235,433988407,8.866646729117994
tt0120601,Being John Malkovich,1999,1990,ok,True,False,18180006,31967340,45285530,2.4909524232280233
tt0165643,Black and White,1999,1990,ok,True,False,13984620,7329780,7329780,0.5241315101876204
tt0181316,Blue Streak,1999,1990,notalk,False,False,50344633,95386564,164246788,3.2624488095881046
tt0171804,Boys Don't Cry,1999,1990,ok,True,True,2796924,16139101,29005501,10.370500235258449
tt0179116,But I'm a Cheerleader,1999,1990,ok,True,False,1678154,3084486,3676824,2.1909931984788047
tt0144814,Carrie 2: The Rage,1999,1990,ok,True,False,29367703,24837027,24837027,0.8457258982767566
tt0139134,Cruel Intentions,1999,1990,ok,True,False,15383082,53463308,106008618,6.8912470205905425
tt0144168,Dick,1999,1990,ok,True,False,18180006,8777963,8777963,0.48283608927301785
tt0120655,Dogma,1999,1990,dubious,False,True,13984620,42864850,61460819,4.394886596847107
tt0157503,Drop Dead Gorgeous,1999,1990,ok,True,False,13984620,14783713,14783713,1.057140844727994
tt0126886,Election,1999,1990,ok,True,False,11886927,20898032,24057538,2.0238652092336396
tt0120663,Eyes Wide Shut,1999,1990,ok,True,False,90900032,77882040,120627912,1.3270392688090582
tt0137523,Fight Club,1999,1990,notalk,False,True,90900032,51785192,141040144,1.5515961974578842
tt0155711,Flawless,1999,1990,notalk,False,False,37758475,6272780,6272780,0.16612906109158276
tt0126916,For Love of the Game,1999,1990,men,False,False,69923101,49209977,64486776,0.9222528045488143
tt0177789,Galaxy Quest,1999,1990,notalk,False,True,62930791,99883369,126593993,2.011638356810103
tt0172493,"Girl, Interrupted",1999,1990,ok,True,False,33563089,40375263,40375263,1.2029662406818395
tt0139239,Go!,1999,1990,ok,True,False,9090003,23599429,39693164,4.366683267321254
tt0155776,Jawbreaker,1999,1990,ok,True,False,4195386,4302816,4302816,1.0256067022200102
tt0175880,Magnolia,1999,1990,notalk,False,True,51743095,31396836,67751013,1.3093730284205072
tt0158811,Muppets From Space,1999,1990,ok,True,False,33563089,22801624,22801624,0.6793660738437991
tt0132347,Mystery Men,1999,1990,nowomen,False,True,95095418,41621042,46795352,0.4920883990435796
tt0125439,Notting Hill,1999,1990,ok,True,False,58735405,162347007,508660113,8.660195890366296
tt0151804,Office Space,1999,1990,notalk,False,False,13984620,15142285,17939209,1.2827812983120028
tt0120784,Payback,1999,1990,notalk,False,False,69923101,114011185,226027993,3.2325224391864427
tt0190641,Pocket Monsters: Mewtwo Strikes Back!,1999,1990,notalk,False,True,41953861,119910654,228850846,5.45482204844031
tt0129332,Ravenous,1999,1990,notalk,False,False,16781544,2884196,2884196,0.1718671416646764
tt0162661,Sleepy Hollow,1999,1990,ok,True,False,97892342,141340236,289577211,2.9581191448050146
tt0158983,South Park: Bigger Longer & Uncut,1999,1990,dubious,False,True,29367703,72772612,72772612,2.4779810664797313
tt0120915,Star Wars: Episode I - The Phantom Menace,1999,1990,ok,True,False,160823133,663632711,1408313741,8.756910244995662
tt0164912,Stuart Little,1999,1990,notalk,False,True,146838513,195805974,417860454,2.845714284780315
tt0120855,Tarzan,1999,1990,men,False,True,202776994,239265412,626779240,3.0909780623338365
tt0120657,The 13th Warrior,1999,1990,dubious,False,True,174807753,45728169,86283567,0.4935911910039825
tt0185937,The Blair Witch Project,1999,1990,ok,True,False,839077,196538593,347238122,413.8334407926805
tt0144117,The Boondock Saints,1999,1990,nowomen,False,True,9789234,42613,575990,0.058839128781679954
tt0120689,The Green Mile,1999,1990,notalk,False,True,83907722,191311527,406534833,4.845022881207525
tt0171363,The Haunting,1999,1990,ok,True,False,111876962,127524221,251987342,2.252361321716977
tt0129167,The Iron Giant,1999,1990,nowomen,False,True,69923101,32387409,43819293,0.6266783419688438
tt0133093,The Matrix,1999,1990,ok,True,True,90900032,239808171,643684004,7.081229674374592
tt0120616,The Mummy,1999,1990,notalk,False,False,111876962,217300705,582299294,5.204818611359862
tt0167404,The Sixth Sense,1999,1990,dubious,False,True,55938481,410457404,940894052,16.820157343922155
tt0134119,The Talented Mr. Ripley,1999,1990,dubious,False,False,55938481,113683964,180110910,3.2198033764985503
tt0144640,Three to Tango,1999,1990,notalk,False,False,27969241,14782268,14782268,0.5285187395682278
tt0151568,Topsy-Turvy,1999,1990,ok,True,False,27969241,8672922,8672922,0.31008785687105345
tt0120363,Toy Story 2,1999,1990,notalk,False,True,125861583,343814937,715115132,5.681758603020272
tt0120458,Virus,1999,1990,dubious,False,False,104884652,19593418,42830263,0.4083558669766097
tt0120891,Wild Wild West,1999,1990,men,False,False,244730855,159152923,309380824,1.2641676261050123
tt0131646,Wing Commander,1999,1990,men,False,False,41953861,16191424,16191424,0.38593406218321596
tt0120577,54,1998,1990,notalk,False,False,18578720,23948203,23948203,1.2890125369239647
tt0120623,A Bug's Life,1998,1990,ok,True,False,64310954,232660690,518911253,8.06878487605704
tt0120586,American History X,1998,1990,men,False,True,14291323,9603575,9603575,0.6719864214110898
tt0120591,Armageddon,1998,1990,notalk,False,False,200078524,288081893,792596781,3.9614285689152724
tt0120603,Beloved,1998,1990,ok,True,False,75744013,32659228,32659228,0.43117900288700045
tt0120611,Blade,1998,1990,notalk,False,False,64310954,100242021,187556021,2.9163930766755537
tt0144120,Bride of Chucky,1998,1990,notalk,False,False,35728308,46309872,72445844,2.0276875132178103
tt0118789,Buffalo '66,1998,1990,notalk,False,False,2143698,3402201,3402201,1.5870710333265228
tt0118929,Dark City,1998,1990,notalk,False,True,38586572,20629634,38953947,1.0095207991007857
tt0120647,Deep Impact,1998,1990,ok,True,False,114330585,200742590,499431243,4.368308296507011
tt0134619,Disturbing Behavior,1998,1990,notalk,False,False,21436985,25020345,25020345,1.167157834928746
tt0127536,Elizabeth,1998,1990,ok,True,False,35728308,42992157,117404137,3.2860256634599097
tt0120660,Enemy of the State,1998,1990,notalk,False,False,121476247,159419475,358211780,2.9488215914342497
tt0120631,Ever After,1998,1990,ok,True,False,37157440,93902242,93902242,2.527145088574455
tt0120669,Fear and Loathing in Las Vegas,1998,1990,notalk,False,False,26438948,15263526,19596124,0.7411839533100939
tt0154420,Festen (The Celebration),1998,1990,dubious,False,True,1857872,2354896,2354896,1.2675232739392164
tt0162973,Get Real,1998,1990,men,False,False,2858265,1646948,1646948,0.5762054952917242
tt0120685,Godzilla,1998,1990,dubious,False,False,178641539,194811162,537353750,3.0080000038512877
tt0120694,Halloween H20: 20 Years Later,1998,1990,ok,True,False,24295249,78661926,78661926,3.237749322923177
tt0147612,Happiness,1998,1990,ok,True,False,4287397,3925045,8212442,1.915484383648167
tt0119313,Hope Floats,1998,1990,ok,True,False,42873969,85905591,116515728,2.717633349970468
tt0147004,Little Voice,1998,1990,ok,True,False,8574794,6566863,31136839,3.631205484353327
tt0120735,"Lock, Stock and Two Smoking Barrels",1998,1990,notalk,False,False,1929329,5570142,40524745,21.004579830604317
tt0120738,Lost in Space,1998,1990,ok,True,False,114330585,98778237,194429617,1.7005914646548865
tt0120749,Mercury Rising,1998,1990,notalk,False,False,85747939,47137546,47137546,0.5497222038187997
tt0120762,Mulan,1998,1990,dubious,False,True,128621908,172382303,433741657,3.372222226714286
tt0120780,Out of Sight,1998,1990,men,False,False,68598351,53681880,110847172,1.6158868308656573
tt0138704,Pi,1998,1990,men,False,False,97181,4603452,6686214,68.80165876045729
tt0120791,Practical Magic,1998,1990,ok,True,False,85747939,66955646,97662611,1.1389499519049664
tt0119942,Primary Colors,1998,1990,ok,True,False,92893600,55761862,55761862,0.6002766821395661
tt0120800,Quest for Camelot,1998,1990,ok,True,False,57165293,32544916,54553553,0.9543124881735496
tt0128442,Rounders,1998,1990,notalk,False,False,17149588,32758425,32758425,1.9101581332449502
tt0130827,Run Lola Run,1998,1990,notalk,False,True,2500982,10385968,20769827,8.304668726124378
tt0120812,Rush Hour,1998,1990,ok,True,True,50019631,201774709,350566156,7.008571414691164
tt0128445,Rushmore,1998,1990,notalk,False,True,14291323,24445621,27268466,1.9080435030402714
tt0120813,Safe Men,1998,1990,nowomen,False,False,1429132,30312,30312,0.02121007716572017
tt0120815,Saving Private Ryan,1998,1990,nowomen,False,False,92893600,309171460,693179313,7.462078259427991
tt0138097,Shakespeare in Love,1998,1990,ok,True,False,37157440,143367401,399442481,10.750000026912511
tt0120828,Six Days Seven Nights,1998,1990,notalk,False,False,114330585,106240687,235521005,2.0599999991253433
tt0120148,Sliding Doors,1998,1990,ok,True,False,8574794,17022681,84046055,9.801524678027251
tt0120831,Slums of Beverly Hills,1998,1990,ok,True,False,7145662,7864191,7864191,1.1005545742297915
tt0122718,Small Soldiers,1998,1990,notalk,False,False,57165293,78807819,102531416,1.7935955650572806
tt0120321,Smoke Signals,1998,1990,ok,True,False,2858265,9602769,11085232,3.878307994535146
tt0120184,Sphere,1998,1990,notalk,False,False,104326659,52975497,71697130,0.6872369026980918
tt0120844,Star Trek: Insurrection,1998,1990,ok,True,False,100039262,100307450,168351786,1.6828571366310159
tt0120686,Stepmom,1998,1990,ok,True,False,71456616,130247778,228297140,3.1949055633980765
tt0118661,The Avengers,1998,1990,ok,True,False,85747939,33420854,69434988,0.8097569318838089
tt0118715,The Big Lebowski,1998,1990,notalk,False,True,21436985,25008106,66011004,3.0793044824167204
tt0133751,The Faculty,1998,1990,dubious,False,False,21436985,57570196,57570196,2.6855547083696703
tt0120744,The Man in the Iron Mask,1998,1990,notalk,False,True,50019631,81415051,81415051,1.6276619673583756
tt0120746,The Mask of Zorro,1998,1990,notalk,False,True,92893600,134093691,333988221,3.5953846228373108
tt0120768,The Negotiator,1998,1990,notalk,False,False,71456616,63890455,70178637,0.9821153159561881
tt0120794,The Prince of Egypt,1998,1990,notalk,False,True,85747939,144932864,312408324,3.6433333283963827
tt0120108,The Proposition,1998,1990,men,False,False,28582646,2720259,7593849,0.26568040621571565
tt0120863,The Thin Red Line,1998,1990,notalk,False,False,74314880,52021118,52021118,0.7000094462912407
tt0120382,The Truman Show,1998,1990,notalk,False,True,85747939,179525030,354996466,4.139999982973352
tt0129387,There's Something About Mary,1998,1990,ok,True,False,31440911,252219917,514630544,16.36818169804304
tt0146336,Urban Legend,1998,1990,ok,True,False,20007852,54473818,103714796,5.183704677543596
tt0120877,Vampires (John Carpenter's),1998,1990,nowomen,False,False,28582646,28966833,28966833,1.0134412678238396
tt0120879,Velvet Goldmine,1998,1990,men,False,False,12862191,1506002,6948401,0.5402190808704365
tt0120890,Wild Things,1998,1990,men,False,True,28582646,42581425,79426456,2.778834961605724
tt0128853,You've Got Mail,1998,1990,ok,True,False,92893600,165524241,358426384,3.8584615517107745
tt0120133,A Simple Wish,1997,1990,ok,True,False,40634668,11849668,11849668,0.29161473646099434
tt0118570,Air Bud,1997,1990,notalk,False,False,4353714,35768573,40327947,9.262883827463172
tt0118571,Air Force One,1997,1990,notalk,False,False,123355241,251000935,457529453,3.709039431895723
tt0118583,Alien: Resurrection,1997,1990,ok,True,False,87074287,69361952,233213967,2.678333352301811
tt0118617,Anastasia,1997,1990,ok,True,False,76915621,84757254,202885136,2.6377624383998666
tt0119822,As Good as It Gets,1997,1990,ok,True,False,72561906,215476950,455851198,6.282238479237301
tt0118655,Austin Powers: International Man of Mystery,1997,1990,men,False,False,26122286,78198499,98225585,3.7602216360390512
tt0118688,Batman & Robin,1997,1990,men,False,True,181404766,155754415,345855898,1.9065425105754938
tt0118749,Boogie Nights,1997,1990,dubious,False,True,21768572,38328318,62565379,2.8741149855856416
tt0118829,Cats Don't Dance,1997,1990,ok,True,False,46439620,5207916,5207916,0.11214381168493627
tt0118842,Chasing Amy,1997,1990,ok,True,False,362810,17424311,21993652,60.620302637744274
tt0128996,Cinderella,1997,1990,ok,True,False,4208591,123355241,123355241,29.310341869761164
tt0118866,Clockwatchers,1997,1990,ok,True,False,2902476,780691,783612,0.26998052697076563
tt0118880,Con Air,1997,1990,notalk,False,True,116099050,146745677,325247966,2.801469658881791
tt0118883,Conspiracy Theory,1997,1990,men,False,False,116099050,110466780,207213175,1.7847964733561559
tt0118884,Contact,1997,1990,ok,True,False,130611431,146459429,240760405,1.843333337340129
tt0119080,Eve's Bayou,1997,1990,ok,True,False,7256191,21541344,21541344,2.968684809978128
tt0119081,Event Horizon,1997,1990,ok,True,False,87074287,38709226,38709226,0.444554039242377
tt0119114,Fever Pitch,1997,1990,ok,True,False,58049525,61055139,72665044,1.2517767199645475
tt0119137,Flubber,1997,1990,men,False,False,116099050,134956149,258311390,2.2249225122858456
tt0119173,G.I. Jane,1997,1990,ok,True,False,72561906,69904916,69904916,0.9633831283318275
tt0119177,Gattaca,1997,1990,notalk,False,True,52244573,18188044,18188044,0.3481326950456653
tt0119190,George of the Jungle,1997,1990,ok,True,False,79818097,152762052,253187730,3.172059213589119
tt0119217,Good Will Hunting,1997,1990,nowomen,False,True,14512381,200899879,327883215,22.593343917858828
tt0119229,Grosse Pointe Blank,1997,1990,ok,True,False,21768572,40757090,45090566,2.071360767256575
tt0119282,Hercules,1997,1990,ok,True,True,101586669,143835260,363825398,3.581428563230083
tt0119345,I Know What You Did Last Summer,1997,1990,ok,True,False,24671048,104852087,181767707,7.367652440220618
tt0119361,In the Company of Men,1997,1990,notalk,False,False,36281,4184879,4184879,115.34629695984124
tt0119396,Jackie Brown,1997,1990,ok,True,False,17414858,57575205,108447385,6.227290799614903
tt0119468,Kiss the Girls,1997,1990,men,False,False,39183429,87840357,87840357,2.241773097499966
tt0119488,L.A. Confidential,1997,1990,notalk,False,False,50793334,93757206,160514159,3.1601422147244755
tt0119528,Liar Liar,1997,1990,notalk,False,True,65305716,263270001,439305185,6.726902511872008
tt0119654,Men in Black,1997,1990,notalk,False,False,130611431,363811668,853024040,6.53100600360163
tt0119698,Mononoke-hime,1997,1990,ok,True,False,29024763,3445395,218193652,7.517499867268511
tt0119707,Mortal Kombat: Annihilation,1997,1990,ok,True,False,43537144,52139221,74488288,1.7109135132979785
tt0417001,Must love Dogs,1997,1990,men,False,False,50793334,63701899,85470471,1.6827103926668803
tt0119738,My Best Friend's Wedding,1997,1990,men,False,True,66756954,184036082,433809062,6.498335169696329
tt0124819,Orgazmo,1997,1990,notalk,False,False,1451238,844655,910343,0.6272871851481288
tt0120082,Scream 2,1997,1990,ok,True,False,34829715,147102287,147102287,4.223470878242902
tt0120094,Selena,1997,1990,ok,True,False,29024763,51446556,51446556,1.7725056359633324
tt0120152,Smilla's Sense of Snow,1997,1990,ok,True,False,50793334,3224642,3224642,0.06348553532634814
tt0120177,Spawn,1997,1990,ok,True,False,58049525,79789061,127636188,2.198746466917688
tt0120201,Starship Troopers,1997,1990,ok,True,False,145123812,79482791,175744937,1.211000004602966
tt0118971,The Devil's Advocate,1997,1990,ok,True,False,82720573,88536300,222050207,2.6843407745736965
tt0119116,The Fifth Element,1997,1990,notalk,False,True,137867622,92256459,382981741,2.77789473296348
tt0119174,The Game,1997,1990,notalk,False,False,72561906,70044851,70044851,0.9653116195707429
tt0119567,The Lost World: Jurassic Park,1997,1990,dubious,False,False,108842859,332459322,1141669701,10.489155756189756
tt0119874,The Peacemaker,1997,1990,dubious,False,False,72561906,59882642,91380645,1.2593473633396566
tt0119925,The Postman,1997,1990,notalk,False,False,116099050,25615375,25615375,0.2206338036357748
tt0120338,Titanic,1997,1990,ok,True,False,290247625,955890356,3171930973,10.928361508556701
tt0120461,Volcano,1997,1990,ok,True,False,130611431,69001723,174293699,1.3344444484342262
tt0115591,August,1996,1990,dubious,False,False,5049561,18767,18767,0.0037165607069604666
tt0115736,Bound,1996,1990,ok,True,False,6683242,5646983,10412962,1.5580704693919507
tt0115759,Broken Arrow,1996,1990,nowomen,False,False,96535720,104920957,220318272,2.2822461157382987
tt0115857,Chain Reaction,1996,1990,notalk,False,False,81684071,31524414,89420791,1.0947151617847255
tt0116136,DragonHeart,1996,1990,men,False,False,84654401,76285021,154998762,1.830959290586676
tt0116191,Emma,1996,1990,ok,True,False,8762473,33017679,56186252,6.412145521019009
tt0116225,Escape from L.A.,1996,1990,notalk,False,False,74258246,37763082,37763082,0.5085372202300604
tt0116260,Eye for an Eye,1996,1990,ok,True,False,29703299,39791578,39791578,1.3396349678195678
tt0116282,Fargo,1996,1990,ok,True,True,10396154,36487162,76047227,7.3149384859054605
tt0116361,Freeway,1996,1990,ok,True,False,4455495,438856,438856,0.09849769778666567
tt0116367,From Dusk Till Dawn,1996,1990,notalk,False,False,29703299,38211750,38211750,1.2864480137374639
tt0116477,Hamlet,1996,1990,notalk,False,True,2970330,2342531,3593608,1.2098345975026343
tt0116493,Harriet the Spy,1996,1990,ok,True,False,19307144,39460903,39460903,2.0438498309226887
tt0116629,Independence Day,1996,1990,ok,True,False,111387369,454711839,1213975115,10.898678421967215
tt0116705,Jingle All the Way,1996,1990,notalk,False,False,89109896,89989691,192822510,2.163873134808731
tt0116778,Kingpin,1996,1990,notalk,False,False,37129123,37163912,47857099,1.2889369619637931
tt0116931,Love and Other Catastrophes,1996,1990,ok,True,False,371291,315278,1103798,2.972864949594792
tt0116996,Mars Attacks!,1996,1990,ok,True,False,118813194,56096190,150552679,1.2671377136784994
tt0117060,Mission: Impossible,1996,1990,notalk,False,True,118813194,268787949,679757008,5.721224933991759
tt0117509,Romeo + Juliet,1996,1990,dubious,False,False,21534891,68820654,219124769,10.175336805744687
tt0117571,Scream,1996,1990,ok,True,False,22277474,153041290,257002834,11.53644412288395
tt0117589,Secrets & Lies,1996,1990,ok,True,False,6683242,19926891,19926891,2.981620447082419
tt0117603,Set It Off,1996,1990,ok,True,False,13366484,53538871,53538871,4.0054565583589525
tt0117705,Space Jam,1996,1990,notalk,False,False,118813194,134353268,371588265,3.127500006438679
tt0117723,Spy Hard,1996,1990,notalk,False,False,26732969,40004796,40004796,1.4964591475043418
tt0117731,Star Trek: First Contact,1996,1990,ok,True,True,68317587,136676591,222774739,3.2608695473978027
tt0117765,Striptease,1996,1990,dubious,False,False,74258246,49173429,168283656,2.2661948681093276
tt0117887,That Thing You Do!,1996,1990,ok,True,False,3712912,38402527,51323462,13.822967525220097
tt0115798,The Cable Guy,1996,1990,notalk,False,False,69802752,89466773,152713266,2.1877828828296053
tt0115963,The Craft,1996,1990,ok,True,False,22277474,36786742,82678338,3.711297699191569
tt0116209,The English Patient,1996,1990,ok,True,False,51980772,116906798,344137032,6.6204678914734085
tt0116277,The Fan,1996,1990,notalk,False,False,81684071,27598768,27598768,0.3378720925895087
tt0116313,The First Wives Club,1996,1990,ok,True,False,44554948,156668864,269541399,6.049640075890112
tt0116421,The Glimmer Man,1996,1990,notalk,False,False,66832422,30304554,54067193,0.8089964628245854
tt0116583,The Hunchback of Notre Dame,1996,1990,notalk,False,False,148516493,148722709,483421183,3.254999988452461
tt0116908,The Long Kiss Goodnight,1996,1990,notalk,False,True,96535720,49675220,49675220,0.5145786450859847
tt0117057,The Mirror Has Two Faces,1996,1990,ok,True,False,62376927,61288998,61288998,0.9825587913300057
tt0117500,The Rock,1996,1990,notalk,False,False,111387369,199115335,499118651,4.48092683650693
tt0117951,Trainspotting,1996,1990,men,False,False,4604011,24507872,35645124,7.7421891476801425
tt0117998,Twister,1996,1990,ok,True,False,130694514,359244145,736493287,5.635227252155358
tt0118113,Walking and Talking,1996,1990,ok,True,False,1485165,1912120,2399710,1.6157867980998744
tt0115856,When the Cat's Away,1996,1990,ok,True,False,445549,2454193,3751503,8.419956054216259
tt0112384,Apollo 13,1995,1990,ok,True,True,99370665,263057839,510765217,5.1399999889303345
tt0112401,Assassins,1995,1990,notalk,False,False,76438973,46331600,127356911,1.6661253546669184
tt0112462,Batman Forever,1995,1990,notalk,False,False,152877946,281342983,514478842,3.3652914332064614
tt0112471,Before Sunrise,1995,1990,nowomen,False,False,3821949,8062791,8062791,2.1096019334637903
tt0112573,Braveheart,1995,1990,men,False,True,110072121,115492633,319514907,2.902777779670476
tt0112641,Casino,1995,1990,men,False,True,79496532,64878801,168777252,2.123076916110001
tt0112642,Casper,1995,1990,ok,True,False,84082870,153379682,431574441,5.132727284404065
tt0112697,Clueless,1995,1990,ok,True,False,20944279,86526587,86526587,4.131275514425681
tt0112715,Congo,1995,1990,nowomen,False,False,76438973,123865278,232408620,3.0404466580156697
tt0112722,Copycat,1995,1990,dubious,False,False,30575589,49000312,49000312,1.6025958486032763
tt0112864,Die Hard: With a Vengeance,1995,1990,notalk,False,False,137590151,152897054,557210677,4.049786070806769
tt0113101,Four rooms,1995,1990,notalk,False,False,6115118,6575280,6575280,1.075249897058405
tt0113321,Home for the holidays,1995,1990,ok,True,False,30575589,26706076,33815484,1.105963453394144
tt0113497,Jumanji,1995,1990,ok,True,False,99370665,153578601,401699506,4.042435521589797
tt0113749,Mallrats,1995,1990,notalk,False,True,9325555,3223228,3223228,0.34563390597128
tt0113855,Mortal Kombat,1995,1990,notalk,False,False,30575589,107676871,186714768,6.1066613630893585
tt0114069,Outbreak,1995,1990,ok,True,False,76438973,103687285,103687285,1.3564714559940516
tt0114148,Pocahontas,1995,1990,ok,True,True,84082870,216444248,530639350,6.310909106694384
tt0112130,Pride and Prejudice,1995,1990,ok,True,True,42805825,58663337,184857731,4.3185181222415405
tt0114319,Sabrina,1995,1990,ok,True,False,88669209,81725980,133156691,1.5017241328948812
tt0114323,Safe,1995,1990,ok,True,False,50449722,26206460,63437029,1.2574306950591323
tt0114369,Se7en,1995,1990,notalk,False,False,45863384,153070026,501631742,10.937521356906416
tt0114388,Sense and Sensibility,1995,1990,ok,True,False,25224861,65727998,206375709,8.181440880883347
tt0114436,Showgirls,1995,1990,ok,True,False,61151178,31111815,57712577,0.9437688510268764
tt0114508,Species,1995,1990,dubious,False,False,53507281,91810008,173293953,3.238698542727297
tt0114614,Tank Girl,1995,1990,ok,True,False,38219486,6213469,6213469,0.16257332712428418
tt0112346,The American President,1995,1990,ok,True,False,94784326,91761643,164837302,1.739077640326313
tt0112579,The Bridges of Madison County,1995,1990,ok,True,False,33633148,109333135,268326198,7.978028045427089
tt0113416,The Incredibly True Adventures of Two Girls in Love,1995,1990,ok,True,False,382195,3379226,3787024,9.908617328850456
tt0113957,The Net,1995,1990,ok,True,False,33633148,77389465,168963355,5.0237151455462925
tt0114214,The Quick and the Dead,1995,1990,notalk,False,True,48920943,28362620,28362620,0.5797643761691184
tt0114814,The Usual Suspects,1995,1990,notalk,False,False,9172677,35684110,52665468,5.741559198040005
tt0114709,Toy Story,1995,1990,notalk,False,True,45863384,293190647,557286202,12.151004862615459
tt0114746,Twelve Monkeys,1995,1990,notalk,False,False,44334604,87356689,258121354,5.822119308881162
tt0114898,Waterworld,1995,1990,nowomen,False,True,267536405,134909008,403974193,1.5099784008834236
tt0114906,Welcome to the Dollhouse,1995,1990,ok,True,False,1223024,6418026,7697090,6.293490561101009
tt0109040,Ace Ventura: Pet Detective,1994,1990,men,False,False,18859976,113501532,168509796,8.934783161972211
tt0109254,Beverly Hills Cop III,1994,1990,nowomen,False,False,78583235,66932266,187312473,2.383618757868647
tt0109445,Clerks.,1994,1990,notalk,False,False,42435,4830398,6120440,144.23094143984918
tt0109504,Crooklyn,1994,1990,ok,True,False,22003306,20469628,20469628,0.9302978379703486
tt0109686,Dumb & Dumber,1994,1990,men,False,False,25146635,199877046,387258182,15.400000119300257
tt0109707,Ed Wood,1994,1990,ok,True,False,28289965,9160394,9160394,0.32380365263795835
tt0109830,Forrest Gump,1994,1990,notalk,False,True,86441558,518169206,1067789822,12.352736886116745
tt0110322,Legends of the Fall,1994,1990,ok,True,False,47149941,104519746,252256228,5.350085761507104
tt0110367,Little Women,1994,1990,ok,True,False,23574970,78588426,78588426,3.333553595190153
tt0110622,Naked Gun 33 1/3: The Final Insult,1994,1990,men,False,False,47149941,80220683,80220683,1.7013951936864566
tt0110857,Police Academy: Mission to Moscow,1994,1990,notalk,False,False,15716647,198418,198418,0.012624702966224284
tt0110889,Priest,1994,1990,ok,True,False,94299882,45793007,132261912,1.4025670997128077
tt0110912,Pulp Fiction,1994,1990,ok,True,True,12573318,169627825,334652619,26.616094415173464
tt0111257,Speed,1994,1990,ok,True,False,47149941,190561429,445095443,9.439999999151643
tt0111282,Stargate,1994,1990,notalk,False,False,86441558,112477236,308935323,3.5739212729136605
tt0111301,Street Fighter,1994,1990,ok,True,False,55008264,52529749,156259619,2.8406571601677886
tt0109446,The Client,1994,1990,ok,True,False,70724911,144774225,184851675,2.613671369625336
tt0110074,The Hudsucker Proxy,1994,1990,notalk,False,False,62866588,4426622,23477761,0.3734537175772924
tt0110357,The Lion King,1994,1990,notalk,False,True,124633011,664468621,1497608078,12.016142962316781
tt0110475,The Mask,1994,1990,notalk,False,False,28289965,188474233,552628944,19.53445131515716
tt0111070,The Santa Clause,1994,1990,notalk,False,False,34576623,227629474,298301960,8.62727282534214
tt0111143,The Shadow,1994,1990,nowomen,False,False,62866588,50034889,50034889,0.7958900044010659
tt0111161,The Shawshank Redemption,1994,1990,nowomen,False,True,39291617,44386120,44386120,1.1296587768327275
tt0111255,The Specialist,1994,1990,notalk,False,False,70724911,90154744,90154744,1.2747240360613532
tt0111438,Timecop,1994,1990,notalk,False,False,44006612,70494790,160394011,3.644770722181476
tt0111503,True Lies,1994,1990,notalk,False,True,157166470,229906901,574129115,3.653000000572641
tt0106582,Cliffhanger,1993,1990,notalk,False,False,104809829,135525899,411177020,3.923076909132253
tt0106611,Cool Runnings,1993,1990,notalk,False,True,22574425,111027894,250021852,11.07544719300713
tt0106677,Dazed and Confused,1993,1990,ok,True,True,11125966,12820482,12820482,1.1523028202674717
tt0107007,Gettysburg,1993,1990,nowomen,False,False,40311473,17304904,17304904,0.4292798727548358
tt0107048,Groundhog Day,1993,1990,men,False,True,23541900,114334580,114334580,4.856641987265259
tt0107120,Hocus Pocus,1993,1990,ok,True,False,45148849,63467174,63467174,1.4057318271834571
tt0107290,Jurassic Park,1993,1990,ok,True,True,101584911,638063379,1669905770,16.438521760382308
tt0107614,Mrs. Doubtfire,1993,1990,ok,True,False,40311473,353443011,711555544,17.65143992629592
tt0311648,Pieces of April,1993,1990,ok,True,False,483738,4077367,5789647,11.968559426797151
tt0108052,Schindler's List,1993,1990,ok,True,False,40311473,154904378,518188770,12.854622553733028
tt0108255,Super Mario Bros.,1993,1990,dubious,False,False,67723274,33611556,33611556,0.49630731083674423
tt0106226,The Age of Innocence,1993,1990,ok,True,False,54823603,51622860,51622860,0.9416174270778956
tt0106977,The Fugitive,1993,1990,men,False,False,70948192,296492106,570351412,8.038984446566305
tt0112389,The Princess and the Cobbler,1993,1990,nowomen,False,False,38699014,1079180,1079180,0.027886498606915413
tt0107943,The Remains of the Day,1993,1990,nowomen,False,True,24186884,37013943,103124758,4.263664472033685
tt0108358,Tombstone,1993,1990,ok,True,False,40311473,91112095,91112095,2.2602025730987303
tt0104257,A Few Good Men,1992,1990,notalk,False,False,54791459,234673774,392672121,7.1666666332064635
tt0104694,A League of Their Own,1992,1990,ok,True,False,66413889,178543655,219896498,3.3110016791818953
tt0103639,Aladdin,1992,1990,nowomen,False,False,46489723,360876835,836898388,18.001793385604813
tt0103644,Alien 3,1992,1990,nowomen,False,True,91319098,91198182,263165037,2.881818182216386
tt0106308,Army of Darkness,1992,1990,men,False,True,18263820,19098934,35702407,1.9548159694959761
tt0103776,Batman Returns,1992,1990,nowomen,False,True,132827779,270360376,443020974,3.3353036340387803
tt0103893,Buffy the Vampire Slayer,1992,1990,ok,True,False,11622431,23629512,23629512,2.033095485789505
tt0104070,Death Becomes Her,1992,1990,ok,True,False,91319098,97001885,247429345,2.709502726362891
tt0104815,El Mariachi,1992,1990,nowomen,False,False,11622,3388636,3390310,291.7148511443813
tt0104348,Glengarry Glen Ross,1992,1990,nowomen,False,False,20754340,17807603,17807603,0.8580182747319356
tt0104412,Hero,1992,1990,notalk,False,False,69734584,32355474,110889898,1.5901707824054705
tt0104431,Home Alone 2: Lost in New York,1992,1990,notalk,False,False,33206945,288212232,596056107,17.94974235058359
tt0104797,Malcolm X,1992,1990,dubious,False,False,58112153,79978777,79978777,1.3762831502732311
tt0104952,My Cousin Vinny,1992,1990,notalk,False,False,18263820,87880798,87880798,4.811742450374566
tt0105236,Reservoir Dogs,1992,1990,nowomen,False,False,1992417,4702152,4702152,2.3600240311139684
tt0104036,The Crying Game,1992,1990,men,False,False,6641389,103849232,103849232,15.636673593430531
tt0104868,The Mighty Ducks,1992,1990,notalk,False,False,16603472,84266502,84266502,5.075233782428157
tt0104940,The Muppet Christmas Carol,1992,1990,notalk,False,True,19924167,45296775,45296775,2.2734589104779137
tt0105151,The Player,1992,1990,ok,True,False,13282778,36039665,47945352,3.609587693176834
tt0105793,Wayne's World,1992,1990,notalk,False,False,33206945,202059814,304005134,9.154866067926454
tt0101414,Beauty and the Beast,1991,1990,ok,True,True,34216807,374591278,772310338,22.57108145713304
tt0101452,Bill & Ted's Bogus Journey,1991,1990,notalk,False,False,34216807,64220970,64220970,1.8768837781970713
tt0102057,Hook,1991,1990,men,False,False,119758826,204710301,514714575,4.2979260250931315
tt0102070,Hudson Hawk,1991,1990,ok,True,False,111204624,29458817,29458817,0.2649064035322848
tt0102798,Robin Hood: Prince of Thieves,1991,1990,dubious,False,False,85542018,283133658,668083163,7.81000002829019
tt0102943,Slacker,1991,1990,ok,True,False,39349,2100070,2100070,53.37035248672139
tt0102975,Star Trek VI: The Undiscovered Country,1991,1990,men,False,True,46192690,128123117,165780431,3.588888869645825
tt0103060,Teenage Mutant Ninja Turtles II: The Secret of the Ooze,1991,1990,ok,True,False,42771009,134569251,134569251,3.146272537082303
tt0103064,Terminator 2: Judgement Day,1991,1990,dubious,False,False,171084037,350481895,884189932,5.168161492471679
tt0101272,The Addams Family,1991,1990,ok,True,False,51325211,194184224,327629772,6.383408185111991
tt0102510,The Naked Gun 2 1/2: The Smell of Fear,1991,1990,notalk,False,False,39349328,148724056,148724056,3.7795831227410033
tt0102926,The Silence of the Lambs,1991,1990,ok,True,True,34216807,223652543,471724395,13.78633590796476
tt0103247,White Fang,1991,1990,notalk,False,False,23951765,59415931,59415931,2.4806493801187512
tt0099088,Back to the Future Part III,1990,1990,notalk,False,False,71319016,156307443,434511105,6.09250000028043
tt0099253,Child's Play 2,1990,1990,ok,True,False,23178680,47970190,60918157,2.6281978525092886
tt0099817,Dark Angel (I Come in Peace),1990,1990,nowomen,False,False,12480828,7796169,7796169,0.6246515856159544
tt0099423,Die Hard 2,1990,1990,dubious,False,True,124808278,209185588,427582507,3.4259146416554196
tt0099487,Edward Scissorhands,1990,1990,ok,True,False,35659508,96239640,96239640,2.6988493503611997
tt0099582,Flatliners,1990,1990,ok,True,False,46357360,109310929,109310929,2.358005913192641
tt0099653,Ghost,1990,1990,men,False,True,39225459,388031265,922868068,23.527272631787433
tt0099685,Goodfellas,1990,1990,men,False,True,44574385,83343062,83343062,1.8697523701112198
tt0099785,Home Alone,1990,1990,men,False,True,26744631,509505267,849917050,31.778978367658166
tt0100263,Nikita,1990,1990,ok,True,False,12480828,8946919,8946919,0.7168530004579824
tt0100403,Predator 2,1990,1990,men,False,False,62404139,50489429,97650742,1.564811943002691
tt0100405,Pretty Woman,1990,1990,ok,True,False,24961656,318093987,771396947,30.903276088733858
tt0099810,The Hunt for Red October,1990,1990,notalk,False,False,53489262,215222722,357486568,6.683333338941936
tt0100802,Total Recall,1990,1990,notalk,False,False,222871925,104977970,354127435,1.5889279683836355
tt0100814,Tremors,1990,1990,ok,True,False,17829754,29717001,29717001,1.666708413363415
tt0096874,Back to the Future Part II,1989,1980,ok,True,False,75183554,222637302,624023495,8.2999999574375
tt0096895,Batman,1989,1980,notalk,False,False,65785609,472131898,773166847,11.752826473036071
tt0096928,Bill & Ted's Excellent Adventure,1989,1980,men,False,False,18795888,76095227,76095227,4.0485039600150845
tt0097165,Dead Poets Society,1989,1980,notalk,False,False,30825257,180177604,450161527,14.603658519375848
tt0097499,Henry V,1989,1980,ok,True,False,16916300,19098688,19098688,1.1290109539320063
tt0097576,Indiana Jones and the Last Crusade,1989,1980,nowomen,False,True,90220264,370601926,891248035,9.878579328918834
tt0097742,Licence to Kill,1989,1980,men,False,False,78942731,65159735,293529779,3.7182622805385335
tt0097815,Major League,1989,1980,notalk,False,False,20675477,93590469,93590469,4.526641344235975
tt0098206,Road House,1989,1980,notalk,False,False,18795888,56481697,56481697,3.0050028495594354
tt0098724,"Sex, Lies, and Videotape",1989,1980,men,False,True,2255507,46504161,69059227,30.618050398424835
tt0098382,Star Trek V: The Final Frontier,1989,1980,notalk,False,False,56387665,98133425,131947137,2.3400000159609378
tt0096754,The Abyss,1989,1980,ok,True,True,131571219,101954772,101954772,0.7749017815210787
tt0098519,Troop Beverly Hills,1989,1980,ok,True,False,33832599,13515193,13515193,0.39947250283668717
tt0098546,UHF,1989,1980,notalk,False,False,9397944,11572924,11572924,1.2314314705429188
tt0094612,Action Jackson,1988,1980,notalk,False,False,13787529,39899139,39899139,2.8938571226214647
tt0094625,Akira,1988,1980,notalk,False,False,15757176,38576,38576,0.002448154415486633
tt0094721,Beetle Juice,1988,1980,ok,True,False,29544705,144427648,144427648,4.888444409920492
tt0092675,Bloodsport,1988,1980,notalk,False,False,2954471,23253887,23253887,7.870744711997512
tt0094862,Child's Play,1988,1980,ok,True,False,17726823,65480292,87051866,4.910742663815169
tt0094947,Dangerous Liaisons,1988,1980,ok,True,False,27575058,68346751,68346751,2.478571432197894
tt0095016,Die Hard,1988,1980,ok,True,True,55150116,160231261,273996307,4.96819094632548
tt0095631,Midnight Run,1988,1980,men,False,False,59089410,75661244,160749995,2.720453546583051
tt0095687,My Stepmother Is an Alien,1988,1980,ok,True,False,31514352,27287490,27287490,0.8658750146599873
tt0095690,Mystic Pizza,1988,1980,ok,True,False,11817882,25198114,25198114,2.132202200021967
tt0095889,Poltergeist III,1988,1980,ok,True,False,18711647,27799598,27799598,1.4856841837599866
tt0095953,Rain Man,1988,1980,notalk,False,False,49241175,340405101,813070285,16.512000069047904
tt0096061,Scrooged,1988,1980,ok,True,False,63028704,118825964,118825964,1.88526744893882
tt0095489,The Land Before Time,1988,1980,ok,True,False,24226658,94725930,161457571,6.664459084699177
tt0095497,The Last Temptation of Christ,1988,1980,men,False,False,13787529,16493007,16493007,1.1962264594330136
tt0096256,They Live,1988,1980,nowomen,False,True,7878588,25605411,25605411,3.25
tt0096320,Twins,1988,1980,men,False,False,29544705,220475172,426625542,14.440000060924623
tt0096438,Who Framed Roger Rabbit,1988,1980,notalk,False,False,137875291,303547209,692330924,5.021428560393755
tt0096487,Young Guns,1988,1980,notalk,False,False,25605411,88095701,88095701,3.4405111091557954
tt0092644,Beverly Hills Cop II,1987,1980,notalk,False,False,41007948,315074388,567273267,13.833251715009002
tt0092991,Evil Dead II,1987,1980,dubious,False,True,7176391,12144594,12144594,1.6922982596684044
tt0093010,Fatal Attraction,1987,1980,dubious,False,False,28705563,321185920,656332204,22.86428606190375
tt0093105,"Good Morning, Vietnam",1987,1980,notalk,False,False,26655166,254090104,254090104,9.532490024635374
tt0093177,Hellraiser,1987,1980,ok,True,False,2050397,29861988,29861988,14.564002971131933
tt0093409,Lethal Weapon,1987,1980,notalk,False,True,30755961,133670224,246442080,8.012823270259707
tt0093773,Predator,1987,1980,nowomen,False,False,36907153,122481612,201487544,5.4593087686823205
tt0093818,Radio Days,1987,1980,notalk,False,False,32806358,30331075,30331075,0.9245486804722426
tt0093870,RoboCop,1987,1980,notalk,False,False,246047687,112289613,454321579,1.8464777480310148
tt0094012,Spaceballs,1987,1980,dubious,False,True,46544021,78160088,78160088,1.6792723602457982
tt0094074,Superman IV: The Quest for Peace,1987,1980,ok,True,False,34856756,23021501,23021501,0.6604602275667879
tt0093389,The Last Emperor,1987,1980,dubious,False,False,51259935,90184679,90184679,1.7593599952867673
tt0093437,The Lost Boys,1987,1980,notalk,False,False,17428378,66069067,66069067,3.7908901792237923
tt0093779,The Princess Bride,1987,1980,men,False,True,30755961,63269112,63269112,2.0571333147418156
tt0090605,Aliens,1986,1980,ok,True,True,36104000,180860331,389321020,10.783320961666297
tt0090555,Crocodile Dundee,1986,1980,dubious,False,False,10618824,371241520,696594829,65.59999760802138
tt0091203,Highlander,1986,1980,ok,True,True,33980236,12530212,27396565,0.8062499919070604
tt0091225,Howard The Duck,1986,1980,dubious,False,False,63712942,34608390,34608390,0.5431924647271821
tt0091419,Little Shop of Horrors,1986,1980,notalk,False,True,63712942,82290329,82290329,1.2915794878848947
tt0091738,Peggy Sue Got Married,1986,1980,ok,True,False,38227765,87887418,87887418,2.2990467269012456
tt0091763,Platoon,1986,1980,nowomen,False,False,12742588,293001649,293001649,22.993888604104598
tt0092005,Stand By Me,1986,1980,nowomen,False,False,16990118,111046165,111046165,6.535926648655413
tt0090848,The Clan of the Cave Bear,1986,1980,ok,True,False,31856471,4149267,4149267,0.13024879623358154
tt0092099,Top Gun,1986,1980,men,False,False,31856471,381854174,757760530,23.78670663175466
tt0088763,Back to the Future,1985,1980,notalk,False,True,41136059,455981879,831110482,20.203940343434454
tt0088846,Brazil,1985,1980,ok,True,False,32475836,21497131,21497131,0.6619423438398938
tt0088944,Commando,1985,1980,notalk,False,False,21650558,75937118,75937118,3.507397730811372
tt0088993,Day of the Dead,1985,1980,nowomen,False,False,38971004,,,
tt0089457,Ladyhawke,1985,1980,nowomen,False,False,43301115,39837026,39837026,0.9200000046188187
tt0089469,Legend,1985,1980,dubious,False,False,54126394,33562937,33562937,0.620084482258323
tt0091578,My Beautiful Laundrette,1985,1980,men,False,False,866022,,,
tt0089893,Red Sonja,1985,1980,ok,True,False,38754498,14951574,14951574,0.38580228803376576
tt0089908,Return to Oz,1985,1980,ok,True,False,58456506,22990322,22990322,0.3932893628640754
tt0088939,The Color Purple,1985,1980,ok,True,False,32475836,202626921,202626921,6.239313469867257
tt0087800,A nightmare on Elm Street,1984,1980,men,False,True,78450540,141379105,263884353,3.3637034620794197
tt0086879,Amadeus,1984,1980,ok,True,True,40345992,116494634,116494634,2.887390499656075
tt0086960,Beverly Hills Cop,1984,1980,nowomen,False,False,33621660,526202467,708968739,21.08666672020358
tt0086984,Body Double,1984,1980,men,False,False,22414440,19729056,19729056,0.8801940177849636
tt0087078,Conan the Destroyer,1984,1980,dubious,False,False,40345992,59174122,59174122,1.4666666765809104
tt0087182,Dune,1984,1980,dubious,False,True,100864980,61521969,61521969,0.6099437981348929
tt0087298,Friday the 13th Part IV: The Final Chapter,1984,1980,ok,True,False,5827754,73924796,73924796,12.684954787041457
tt0087332,Ghostbusters,1984,1980,notalk,False,True,67243320,534880544,653677077,9.721070836478628
tt0087363,Gremlins,1984,1980,notalk,False,True,24655884,332111304,332111304,13.469859932825772
tt0087469,Indiana Jones and the Temple of Doom,1984,1980,nowomen,False,False,62760432,403191555,746580777,11.89572399692851
tt0087928,Police Academy,1984,1980,dubious,False,False,10086498,182002774,182002774,18.044198690169768
tt0087995,Repo Man,1984,1980,men,False,False,3362166,5155321,5155321,1.5333332738478707
tt0088161,Splash,1984,1980,notalk,False,False,17931552,140313263,140313263,7.824936904513341
tt0088170,Star Trek III: The Search for Spock,1984,1980,notalk,False,False,40345992,171405568,195005629,4.833333358118943
tt0087538,The Karate Kid,1984,1980,ok,True,False,89657760,395820224,804883755,8.97729047658563
tt0088247,The Terminator,1984,1980,men,False,True,14345242,85217529,174875289,12.190473259356656
tt0085549,Flashdance,1983,1980,ok,True,False,16375486,211626424,471294841,28.78051014791256
tt0086190,Star Wars: Episode VI - Return of the Jedi,1983,1980,nowomen,False,True,76029041,723340482,1339748672,17.62153848553739
tt0086393,Superman III,1983,1980,ok,True,False,91234849,140245796,140245796,1.5371954635448566
tt0086541,Videodrome,1983,1980,men,False,False,13923842,4960460,4960460,0.35625655620050845
tt0086567,WarGames,1983,1980,notalk,False,False,28072261,174127177,174127177,6.202819822742457
tt0083658,Blade Runner,1982,1980,notalk,False,False,67571504,78808471,79974780,1.1835577908699502
tt0083722,Cat People,1982,1980,ok,True,False,30165850,16892876,50678628,1.68
tt0082198,Conan the Barbarian,1982,1980,notalk,False,False,48265360,92341492,190923490,3.9557042566345717
tt0083833,Diner,1982,1980,notalk,False,False,12066340,30390060,30390060,2.518581442260039
tt0083866,E.T.: The Extra-Terrestrial,1982,1980,dubious,False,False,25339314,1050038377,1913637848,75.52050730339424
tt0083929,Fast Times at Ridgemont High,1982,1980,men,False,False,10859706,65382380,65382380,6.020639969443003
tt0083944,First Blood,1982,1980,nowomen,False,False,33785752,113937390,302172295,8.94377887459779
tt0083972,Friday the 13th Part III,1982,1980,dubious,False,False,5429853,88542965,88542965,16.306696516461862
tt0084516,Poltergeist,1982,1980,ok,True,False,25821968,180285645,293709241,11.374394120541083
tt0084522,Porky's,1982,1980,men,False,False,9653072,264234708,264234708,27.3731210126683
tt0084726,Star Trek: The Wrath of Khan,1982,1980,dubious,False,True,28959216,192851397,233604343,8.06666668738546
tt0083642,The Best Little Whorehouse in Texas,1982,1980,ok,True,False,49471994,168208730,168208730,3.4000798512386625
tt0084805,Tootsie,1982,1980,notalk,False,True,36199020,427631090,427631090,11.813333344383356
tt0084827,TRON,1982,1980,nowomen,False,True,41025556,64961738,64961738,1.5834456454411001
tt0082096,Das Boot,1981,1980,nowomen,False,False,30742635,29430119,217684336,7.080861351019521
tt0082340,Escape from New York,1981,1980,nowomen,False,True,15371317,64674049,64674049,4.2074500838152
tt0082418,Friday the 13th Part 2,1981,1980,notalk,False,False,3202358,55651281,55651281,17.378219736831422
tt0082495,Halloween II,1981,1980,ok,True,False,6404716,65414737,65414737,10.213526563863253
tt0082509,Heavy Metal,1981,1980,notalk,False,False,23825542,50138908,50138908,2.104418359087067
tt0082517,History of the World: Part I,1981,1980,notalk,False,True,28180748,81140060,81140060,2.8792727574158072
tt0082971,Raiders of the Lost Ark,1981,1980,nowomen,False,True,51237724,635757611,998945973,19.496298723182942
tt0083907,The Evil Dead,1981,1980,notalk,False,False,960707,6148527,75319455,78.40002727158229
tt0081633,Time Bandits,1981,1980,notalk,False,False,30742635,95814545,95814545,3.1166666422705798
tt0080339,Airplane!,1980,1980,dubious,False,False,9897188,235987236,235987236,23.843867167118578
tt0080492,Can't Stop the Music,1980,1980,ok,True,False,56555357,5655536,5655536,0.10000000530453729
tt0080716,Fame,1980,1980,ok,True,False,50899822,63498970,220444178,4.330942021761883
tt0080745,Flash Gordon,1980,1980,dubious,False,False,98971875,76655018,76655018,0.774513143254081
tt0080761,Friday the 13th,1980,1980,men,False,True,48072054,183810620,259308493,5.3941629579630614
tt0080855,Heaven's Gate,1980,1980,nowomen,False,False,124421786,9852879,9852879,0.07918933907603609
tt0081375,Private Benjamin,1980,1980,ok,True,False,42416518,197512086,197512086,4.656489860860337
tt0081398,Raging Bull,1980,1980,notalk,False,False,50899822,66113787,66113787,1.298900161183275
tt0081534,Somewhere in Time,1980,1980,men,False,False,14421616,27456486,27456486,1.9038425374798498
tt0080684,Star Wars: Episode V - The Empire Strikes Back,1980,1980,nowomen,False,True,65038661,820821721,1510514303,23.22486779055922
tt0081573,Superman II,1980,1980,dubious,False,False,152699465,305924063,305924063,2.0034389969866626
tt0080455,The Blues Brothers,1980,1980,notalk,False,False,76349732,161832844,161832844,2.1196255672515
tt0080749,The Fog,1980,1980,ok,True,False,50899822,83450574,104764631,2.058251421782968
tt0081505,The Shining,1980,1980,men,False,True,53727589,124470916,124470916,2.3167039190982495
tt0078748,Alien,1979,1970,ok,True,False,28886103,259752278,653566146,22.625625408868757
tt0078788,Apocalypse Now,1979,1970,nowomen,False,True,101101360,252913878,252913878,2.501587298133279
tt0079574,Moonraker,1979,1970,notalk,False,False,99496576,225632559,674971936,6.783870994716441
tt0079945,Star Trek: The Motion Picture,1979,1970,notalk,False,False,112334844,264014024,446129810,3.971428580076187
tt0078767,The Amityville Horror,1979,1970,ok,True,False,59376989,209370867,350406635,5.901387741301601
tt0077975,Animal House,1978,1970,men,False,False,10712118,505611968,505611968,47.199999850636445
tt0077402,Dawn of the Dead,1978,1970,nowomen,False,False,99979768,210638678,369399800,3.6947455209137914
tt0077405,Days of Heaven,1978,1970,ok,True,False,10712118,12307327,13071926,1.2202933164104428
tt0077631,Grease,1978,1970,ok,True,False,21424236,649203517,1383697739,64.58562811761409
tt0077651,Halloween,1978,1970,dubious,False,False,53560590,208062006,276781136,5.167626719571237
tt0077713,I Spit on Your Grave,1978,1970,nowomen,False,False,6248735,332258,4565044,0.7305549043126329
tt0078346,Superman,1978,1970,notalk,False,False,196388829,479253080,1071925937,5.4581818245884035
tt0077416,The Deer Hunter,1978,1970,notalk,False,False,53560590,178535299,178535299,3.333333314662889
tt0075784,A Bridge Too Far,1977,1970,notalk,False,False,99921804,195231833,195231833,1.9538461595429162
tt0075686,Annie Hall,1977,1970,ok,True,False,15372585,147005823,147005823,9.56285640964093
tt0075860,Close Encounters of the Third Kind,1977,1970,notalk,False,False,76862926,637962288,1297830510,16.885000058415677
tt0074486,Eraserhead,1977,1970,nowomen,False,False,384315,26902024,26902024,69.99993234716314
tt0076141,High Anxiety,1977,1970,notalk,False,False,13066697,119379800,119379800,9.13618797466567
tt0076245,Julia,1977,1970,ok,True,False,23058878,250220,5246310,0.22751800846511266
tt0076759,Star Wars,1977,1970,notalk,False,False,42274609,1771682790,3066446442,72.53636436944929
tt0074156,Assault on Precinct 13,1976,1970,notalk,False,False,122754817,82003880,147473116,1.201363169316606
tt0074512,Family Plot,1976,1970,ok,True,False,12275482,54012120,54012120,4.3999999348294425
tt0074812,Logan's Run,1976,1970,men,False,False,28642791,102295681,102295681,3.57142853152823
tt0074958,Network,1976,1970,ok,True,False,15548943,96934884,96934884,6.234178361834628
tt0075148,Rocky,1976,1970,notalk,False,False,4091827,479705967,920661128,225.00001295264926
tt0075222,Silent Movie,1976,1970,notalk,False,False,18004040,147901939,147901939,8.214930593355714
tt0075249,Sparkle,1976,1970,ok,True,False,40918272,99830228,100905781,2.4660323143655725
tt0075314,Taxi Driver,1976,1970,notalk,False,False,4091827,115645570,115645570,28.262575617199847
tt0072684,Barry Lyndon,1975,1970,notalk,False,False,47609104,86562007,86562007,1.8181818124533493
tt0073195,Jaws,1975,1970,notalk,False,False,51937204,1125306085,2037236823,39.22499992490932
tt0071853,Monty Python and the Holy Grail,1975,1970,men,False,False,1731240,14835412,21765791,12.572370670733116
tt0073486,One Flew Over the Cuckoo's Nest,1975,1970,men,False,False,19043641,471681892,471681892,24.768472163490163
tt0073629,The Rocky Horror Picture Show,1975,1970,dubious,False,True,5193720,605399166,605399166,116.56368960975948
tt0071222,Black Christmas,1974,1970,ok,True,False,42513535,76693179,76693179,1.8039708765690738
tt0071230,Blazing Saddles,1974,1970,notalk,False,False,12281688,564485269,564485269,45.961537941690096
tt0071360,The Conversation,1974,1970,notalk,False,False,7557962,20878869,20878869,2.76249986438143
tt0071562,The Godfather: Part II,1974,1970,ok,True,False,61408439,270669505,270669505,4.407692320594569
tt0072271,The Texas Chain Saw Massacre,1974,1970,notalk,False,False,661322,125520924,125520924,189.80303694720575
tt0072308,The Towering Inferno,1974,1970,notalk,False,False,661322,125520924,125520924,189.80303694720575
tt0072431,Young Frankenstein,1974,1970,men,False,False,13226433,407657562,407657562,30.82142872534114
tt0069704,American Graffiti,1973,1970,men,False,False,4074506,603047833,734145189,180.18017128947656
tt0068699,High Plains Drifter,1973,1970,notalk,False,False,82329139,82329139,82329139,1.0
tt0070707,Sleeper,1973,1970,notalk,False,False,10487788,96197818,96197818,9.172364849480177
tt0070047,The Exorcist,1973,1970,ok,True,False,62926730,1074306128,2111900435,33.56126140671858
tt0070735,The Sting,1973,1970,notalk,False,False,28841418,837011132,837011132,29.02115048573548
tt0068156,1776,1972,1970,notalk,False,False,22288557,,,
tt0069089,Pink Flamingos,1972,1970,ok,True,False,66866,2305762,2305762,34.48332485867257
tt0068646,The Godfather,1972,1970,notalk,False,True,39004975,752051643,1496119403,38.35714297983783
tt0067065,Escape from the Planet of the Apes,1971,1970,notalk,False,False,14386286,70780525,70780525,4.919999852637435
tt0067741,Shaft,1971,1970,notalk,False,False,305063707,404702718,616827003,2.0219612784027436
tt0067800,Straw Dogs,1971,1970,notalk,False,False,143862856,59412143,64760273,0.4501528386173565
tt0067116,The French Connection,1971,1970,notalk,False,False,12659931,236848653,236848653,18.708526373484975
tt0067992,Willy Wonka & the Chocolate Factory,1971,1970,men,False,True,17263543,23018057,23018057,1.333333314024821
tt0065466,Beyond the Valley of the Dolls,1970,1970,ok,True,False,5997631,53978683,53978683,9.000000666929992
